date,sys_avg,sys_max,dia_avg,dia_max,weight_avg,glucose_avg,glucose_max,rhr_avg,spo2_avg,steps
2014-09-17,,,,,,,,,,44
2014-09-23,,,,,,,,,,841
2014-09-24,,,,,,,,,,10838
2014-09-25,,,,,,,,,,9936
2014-09-26,,,,,,,,,,9432
2014-09-27,,,,,,,,,,5204
2014-09-28,,,,,,,,,,9127
2014-09-29,,,,,,,,,,11214
2014-09-30,,,,,,,,,,9367
2014-10-01,,,,,,,,,,10247
2014-10-02,,,,,,,,,,8867
2014-10-03,,,,,,,,,,11786
2014-10-04,,,,,,,,,,7944
2014-10-05,,,,,,,,,,4674
2014-10-06,,,,,,,,,,11587
2014-10-07,,,,,,,,,,9609
2014-10-08,,,,,,,,,,11347
2014-10-09,,,,,,,,,,13141
2014-10-10,,,,,,,,,,14767
2014-10-11,,,,,,,,,,3679
2014-10-12,,,,,,,,,,12442
2014-10-13,,,,,,,,,,9481
2014-10-14,,,,,,,,,,11332
2014-10-15,,,,,,,,,,6806
2014-10-16,,,,,,,,,,7803
2014-10-17,,,,,,,,,,10477
2014-10-18,,,,,,,,,,4941
2014-10-19,,,,,,,,,,13375
2014-10-20,,,,,,,,,,7749
2014-10-21,,,,,,,,,,12444
2014-10-22,,,,,,,,,,8409
2014-10-23,,,,,,,,,,8111
2014-10-24,,,,,,,,,,10003
2014-10-25,,,,,,,,,,6004
2014-10-26,,,,,,,,,,7817
2014-10-27,,,,,,,,,,11917
2014-10-28,,,,,,,,,,9121
2014-10-29,,,,,,,,,,12954
2014-10-30,,,,,,,,,,8637
2014-10-31,,,,,,,,,,8675
2014-11-01,,,,,,,,,,4352
2014-11-02,,,,,,,,,,7058
2014-11-03,,,,,,,,,,12791
2014-11-04,,,,,,,,,,9549
2014-11-05,,,,,,,,,,10974
2014-11-06,,,,,,,,,,14501
2014-11-07,,,,,,,,,,16273
2014-11-08,,,,,,,,,,12713
2014-11-09,,,,,,,,,,4072
2014-11-10,,,,,,,,,,11691
2014-11-11,,,,,,,,,,9271
2014-11-12,,,,,,,,,,8644
2014-11-13,,,,,,,,,,9280
2014-11-14,,,,,,,,,,11116
2014-11-15,,,,,,,,,,5304
2014-11-16,,,,,,,,,,13584
2014-11-17,,,,,,,,,,8785
2014-11-18,,,,,,,,,,12193
2014-11-19,,,,,,,,,,13468
2014-11-20,,,,,,,,,,14274
2014-11-21,,,,,,,,,,12373
2014-11-22,,,,,,,,,,9409
2014-11-23,,,,,,,,,,8798
2014-11-24,,,,,,,,,,8047
2014-11-25,,,,,,,,,,9577
2014-11-26,,,,,,,,,,11593
2014-11-27,,,,,,,,,,9057
2014-11-28,,,,,,,,,,9883
2014-11-29,,,,,,,,,,3986
2014-11-30,,,,,,,,,,6726
2014-12-01,,,,,,,,,,17590
2014-12-02,,,,,,,,,,17231
2014-12-03,,,,,,,,,,12706
2014-12-04,,,,,,,,,,11627
2014-12-05,,,,,,,,,,9808
2014-12-06,,,,,,,,,,5950
2014-12-07,,,,,,,,,,9416
2014-12-08,,,,,,,,,,9987
2014-12-09,,,,,,,,,,6662
2014-12-10,,,,,,,,,,9967
2014-12-11,,,,,,,,,,7615
2014-12-12,,,,,,,,,,11548
2014-12-13,,,,,,,,,,9750
2014-12-14,,,,,,,,,,10116
2014-12-15,,,,,,,,,,9513
2014-12-16,,,,,,,,,,13491
2014-12-17,,,,,,,,,,1398
2014-12-18,,,,,,,,,,13847
2014-12-19,,,,,,,,,,12633
2014-12-20,,,,,,,,,,4428
2014-12-21,,,,,,,,,,9419
2014-12-22,,,,,,,,,,10083
2014-12-23,,,,,,,,,,5946
2014-12-24,,,,,,,,,,9929
2014-12-25,,,,,,,,,,8039
2014-12-26,,,,,,,,,,10303
2014-12-27,,,,,,,,,,6227
2014-12-28,,,,,,,,,,6044
2014-12-29,,,,,,,,,,5243
2014-12-30,,,,,,,,,,2649
2014-12-31,,,,,,,,,,2621
2015-01-01,,,,,,,,,,4753
2015-01-02,,,,,,,,,,11999
2015-01-03,,,,,,,,,,3119
2015-01-04,,,,,,,,,,2323
2015-01-05,,,,,,,,,,3548
2015-01-06,,,,,,,,,,8593
2015-01-07,,,,,,,,,,13475
2015-01-08,,,,,,,,,,11845
2015-01-09,,,,,,,,,,9813
2015-01-10,,,,,,,,,,3796
2015-01-11,,,,,,,,,,4928
2015-01-12,,,,,,,,,,11028
2015-01-13,,,,,,,,,,10313
2015-01-14,,,,,,,,,,6090
2015-01-15,,,,,,,,,,12859
2015-01-16,,,,,,,,,,12808
2015-01-17,,,,,,,,,,4382
2015-01-18,,,,,,,,,,11166
2015-01-19,,,,,,,,,,12960
2015-01-20,,,,,,,,,,12084
2015-01-21,,,,,,,,,,10760
2015-01-22,,,,,,,,,,12093
2015-01-23,,,,,,,,,,14310
2015-01-24,,,,,,,,,,5391
2015-01-25,,,,,,,,,,5787
2015-01-26,,,,,,,,,,12430
2015-01-27,,,,,,,,,,12139
2015-01-28,,,,,,,,,,8702
2015-01-29,,,,,,,,,,9824
2015-01-30,,,,,,,,,,8268
2015-01-31,,,,,,,,,,5325
2015-02-01,,,,,,,,,,9611
2015-02-02,,,,,,,,,,8714
2015-02-03,,,,,,,,,,6313
2015-02-04,,,,,,,,,,11166
2015-02-05,,,,,,,,,,9631
2015-02-06,,,,,,,,,,12849
2015-02-07,,,,,,,,,,4124
2015-02-08,,,,,,,,,,3283
2015-02-09,,,,,,,,,,9304
2015-02-10,,,,,,,,,,9212
2015-02-11,,,,,,,,,,10436
2015-02-12,,,,,,,,,,11142
2015-02-13,,,,,,,,,,10026
2015-02-14,,,,,,,,,,6519
2015-02-15,,,,,,,,,,3409
2015-02-16,,,,,,,,,,8777
2015-02-17,,,,,,,,,,8066
2015-02-18,,,,,,,,,,7457
2015-02-19,,,,,,,,,,8307
2015-02-20,,,,,,,,,,9682
2015-02-21,,,,,,,,,,6636
2015-02-22,,,,,,,,,,7485
2015-02-23,,,,,,,,,,8233
2015-02-24,,,,,,,,,,9961
2015-02-25,,,,,,,,,,10121
2015-02-26,,,,,,,,,,8008
2015-02-27,,,,,,,,,,9632
2015-02-28,,,,,,,,,,6675
2015-03-01,,,,,,,,,,3254
2015-03-02,,,,,,,,,,4767
2015-03-07,,,,,,,,,,2743
2015-03-08,,,,,,,,,,15138
2015-03-09,,,,,,,,,,8047
2015-03-10,,,,,,,,,,16199
2015-03-11,,,,,,,,,,7917
2015-03-12,,,,,,,,,,13034
2015-03-13,,,,,,,,,,12823
2015-03-14,,,,,,,,,,4656
2015-03-15,,,,,,,,,,7699
2015-03-16,,,,,,,,,,13018
2015-03-17,,,,,,,,,,13725
2015-03-18,,,,,,,,,,12966
2015-03-19,,,,,,,,,,15779
2015-03-20,,,,,,,,,,12500
2015-03-21,,,,,,,,,,8720
2015-03-22,,,,,,,,,,6808
2015-03-23,,,,,,,,,,8949
2015-03-24,,,,,,,,,,18426
2015-03-25,,,,,,,,,,13601
2015-03-26,,,,,,,,,,12365
2015-03-27,,,,,,,,,,17009
2015-03-28,,,,,,,,,,3856
2015-03-29,,,,,,,,,,10258
2015-03-30,,,,,,,,,,9958
2015-03-31,,,,,,,,,,9498
2015-04-01,,,,,,,,,,9548
2015-04-02,,,,,,,,,,11259
2015-04-03,,,,,,,,,,13491
2015-04-04,,,,,,,,,,8477
2015-04-05,,,,,,,,,,5467
2015-04-06,,,,,,,,,,8497
2015-04-07,,,,,,,,,,9811
2015-04-08,,,,,,,,,,4860
2015-04-09,,,,,,,,,,10928
2015-04-10,,,,,,,,,,9943
2015-04-11,,,,,,,,,,9451
2015-04-12,,,,,,,,,,4877
2015-04-13,,,,,,,,,,8443
2015-04-14,,,,,,,,,,12948
2015-04-15,,,,,,,,,,10636
2015-04-16,,,,,,,,,,11087
2015-04-17,,,,,,,,,,12382
2015-04-18,,,,,,,,,,8711
2015-04-19,,,,,,,,,,7588
2015-04-20,,,,,,,,,,16410
2015-04-21,,,,,,,,,,12433
2015-04-22,,,,,,,,,,12799
2015-04-23,,,,,,,,,,12516
2015-04-24,,,,,,,,,,12364
2015-04-25,,,,,,,,,,3328
2015-04-26,,,,,,,,,,8638
2015-04-27,,,,,,,,,,14308
2015-04-28,,,,,,,,,,11549
2015-04-29,,,,,,,,,,14747
2015-04-30,,,,,,,,,,6372
2015-05-01,,,,,,,,,,8414
2015-05-02,,,,,,,,,,8180
2015-05-03,,,,,,,,,,8175
2015-05-04,,,,,,,,,,3401
2015-05-05,,,,,,,,,,4735
2015-05-06,,,,,,,,,,7015
2015-05-07,,,,,,,,,,10029
2015-05-08,,,,,,,,,,9007
2015-05-09,,,,,,,,,,2201
2015-05-10,,,,,,,,,,10802
2015-05-11,,,,,,,,,,11163
2015-05-12,,,,,,,,,,13912
2015-05-13,,,,,,,,,,13781
2015-05-14,,,,,,,,,,10354
2015-05-15,,,,,,,,,,15349
2015-05-16,,,,,,,,,,6545
2015-05-17,,,,,,,,,,5022
2015-05-18,,,,,,,,,,10656
2015-05-19,,,,,,,,,,9438
2015-05-20,,,,,,,,,,14071
2015-05-21,,,,,,,,,,9913
2015-05-22,,,,,,,,,,8510
2015-05-23,,,,,,,,,,9788
2015-05-24,,,,,,,,,,8480
2015-05-25,,,,,,,,,,16617
2015-05-26,,,,,,,,,,10275
2015-05-27,,,,,,,,,,9963
2015-05-28,,,,,,,,,,10035
2015-05-29,,,,,,,,,,9992
2015-05-30,,,,,,,,,,9431
2015-05-31,,,,,,,,,,9756
2015-06-01,,,,,,,,,,8484
2015-06-02,,,,,,,,,,9702
2015-06-03,,,,,,,,,,11451
2015-06-04,,,,,,,,,,14391
2015-06-05,,,,,,,,,,9820
2015-06-06,,,,,,,,,,12432
2015-06-07,,,,,,,,,,6788
2015-06-08,,,,,,,,,,12103
2015-06-09,,,,,,,,,,8270
2015-06-10,,,,,,,,,,12521
2015-06-11,,,,,,,,,,8888
2015-06-12,,,,,,,,,,8025
2015-06-13,,,,,,,,,,6860
2015-06-14,,,,,,,,,,7480
2015-06-15,,,,,,,,,,14759
2015-06-16,,,,,,,,,,9955
2015-06-17,,,,,,,,,,11730
2015-06-18,,,,,,,,,,11127
2015-06-19,,,,,,,,,,16238
2015-06-20,,,,,,,,,,4352
2015-06-21,,,,,,,,,,9002
2015-06-22,,,,,,,,,,10593
2015-06-23,,,,,,,,,,14818
2015-06-24,,,,,,,,,,8265
2015-06-25,,,,,,,,,,9846
2015-06-26,,,,,,,,,,10929
2015-06-27,,,,,,,,,,7061
2015-06-28,,,,,,,,,,6945
2015-06-29,,,,,,,,,,9013
2015-06-30,,,,,,,,,,9419
2015-07-01,,,,,,,,,,9023
2015-07-02,,,,,,,,,,7276
2015-07-03,,,,,,,,,,15060
2015-07-04,,,,,,,,,,3244
2015-07-05,,,,,,,,,,7396
2015-07-06,,,,,,,,,,10062
2015-07-07,,,,,,,,,,6368
2015-07-08,,,,,,,,,,10924
2015-07-09,,,,,,,,,,10049
2015-07-10,,,,,,,,,,7930
2015-07-11,,,,,,,,,,6539
2015-07-12,,,,,,,,,,5360
2015-07-13,,,,,,,,,,7616
2015-07-14,,,,,,,,,,10943
2015-07-15,,,,,,,,,,11165
2015-07-16,,,,,,,,,,936
2015-07-17,,,,,,,,,,2530
2015-07-18,,,,,,,,,,3673
2015-07-19,,,,,,,,,,4336
2015-07-20,,,,,,,,,,8909
2015-07-21,,,,,,,,,,11720
2015-07-22,,,,,,,,,,10385
2015-07-23,,,,,,,,,,7330
2015-07-24,,,,,,,,,,7608
2015-07-25,,,,,,,,,,3041
2015-07-26,,,,,,,,,,9018
2015-07-27,,,,,,,,,,9325
2015-07-28,,,,,,,,,,12365
2015-07-29,,,,,,,,,,7628
2015-07-30,,,,,,,,,,8331
2015-07-31,,,,,,,,,,13508
2015-08-01,,,,,,,,,,11168
2015-08-02,,,,,,,,,,6871
2015-08-03,,,,,,,,,,10939
2015-08-04,,,,,,,,,,9665
2015-08-05,,,,,,,,,,882
2015-08-06,,,,,,,,,,9743
2015-08-07,,,,,,,,,,14403
2015-08-08,,,,,,,,,,10523
2015-08-09,,,,,,,,,,11254
2015-08-10,,,,,,,,,,6234
2015-08-11,,,,,,,,,,4746
2015-08-12,,,,,,,,,,11691
2015-08-13,,,,,,,,,,14422
2015-08-14,,,,,,,,,,3649
2015-08-15,,,,,,,,,,10810
2015-08-16,,,,,,,,,,5307
2015-08-17,,,,,,,,,,9843
2015-08-18,,,,,,,,,,16000
2015-08-19,,,,,,,,,,6845
2015-08-25,,,,,,,,,,165
2015-08-26,,,,,,,,,,7422
2015-08-27,,,,,,,,,,10080
2015-08-28,,,,,,,,,,7868
2015-08-29,,,,,,,,,,8194
2015-08-30,,,,,,,,,,5688
2015-08-31,,,,,,,,,,6132
2015-09-01,,,,,,,,,,8491
2015-09-02,,,,,,,,,,10893
2015-09-03,,,,,,,,,,8343
2015-09-04,,,,,,,,,,9288
2015-09-05,,,,,,,,,,7572
2015-09-06,,,,,,,,,,4003
2015-09-07,,,,,,,,,,9542
2015-09-08,,,,,,,,,,7762
2015-09-09,,,,,,,,,,12261
2015-09-10,,,,,,,,,,10713
2015-09-11,,,,,,,,,,7959
2015-09-12,,,,,,,,,,7205
2015-09-13,,,,,,,,,,2142
2015-09-14,,,,,,,,,,8634
2015-09-15,,,,,,,,,,8559
2015-09-16,,,,,,,,,,9085
2015-09-17,,,,,,,,,,9181
2015-09-18,,,,,,,,,,9964
2015-09-19,,,,,,,,,,6748
2015-09-20,,,,,,,,,,8015
2015-09-21,,,,,,,,,,11767
2015-09-22,,,,,,,,,,12152
2015-09-23,,,,,,,,,,5153
2015-09-24,,,,,,,,,,9580
2015-09-25,,,,,,,,,,8995
2015-09-26,,,,,,,,,,6810
2015-09-27,,,,,,,,,,6357
2015-09-28,,,,,,,,,,9157
2015-09-29,,,,,,,,,,8215
2015-09-30,,,,,,,,,,8621
2015-10-01,,,,,,,,,,12152
2015-10-02,,,,,,,,,,8570
2015-10-03,,,,,,,,,,7481
2015-10-04,,,,,,,,,,8336
2015-10-05,,,,,,,,,,9791
2015-10-06,,,,,,,,,,6996
2015-10-07,,,,,,,,,,8971
2015-10-08,,,,,,,,,,10042
2015-10-09,,,,,,,,,,11378
2015-10-10,,,,,,,,,,9175
2015-10-11,,,,,,,,,,5566
2015-10-12,,,,,,,,,,10493
2015-10-13,,,,,,,,,,8381
2015-10-14,,,,,,,,,,7787
2015-10-15,,,,,,,,,,8085
2015-10-16,,,,,,,,,,9116
2015-10-17,,,,,,,,,,7710
2015-10-18,,,,,,,,,,11725
2015-10-19,,,,,,,,,,7414
2015-10-20,,,,,,,,,,11040
2015-10-21,,,,,,,,,,8550
2015-10-22,,,,,,,,,,10812
2015-10-23,,,,,,,,,,8300
2015-10-24,,,,,,,,,,8057
2015-10-25,,,,,,,,,,11705
2015-10-26,,,,,,,,,,7610
2015-10-27,,,,,,,,,,12265
2015-10-28,,,,,,,,,,7523
2015-10-29,,,,,,,,,,9366
2015-10-30,,,,,,,,,,8688
2015-10-31,,,,,,,,,,4888
2015-11-01,,,,,,,,,,7988
2015-11-02,,,,,,,,,,7977
2015-11-03,,,,,,,,,,6951
2015-11-04,,,,,,,,,,9021
2015-11-05,,,,,,,,,,12132
2015-11-06,,,,,,,,,,7139
2015-11-07,,,,,,,,,,12179
2015-11-08,,,,,,,,,,4976
2015-11-09,,,,,,,,,,7686
2015-11-10,,,,,,,,,,8669
2015-11-11,,,,,,,,,,3003
2015-11-12,,,,,,,,,,8053
2015-11-13,,,,,,,,,,10156
2015-11-14,,,,,,,,,,1966
2015-11-15,,,,,,,,,,3683
2015-11-16,,,,,,,,,,1805
2015-11-17,,,,,,,,,,9457
2015-11-18,,,,,,,,,,5520
2015-11-19,,,,,,,,,,6312
2015-11-20,,,,,,,,,,10466
2015-11-21,,,,,,,,,,4252
2015-11-22,,,,,,,,,,4041
2015-11-23,,,,,,,,,,11237
2015-11-24,,,,,,,,,,11374
2015-11-25,,,,,,,,,,10402
2015-11-26,,,,,,,,,,17926
2015-11-27,,,,,,,,,,10419
2015-11-28,,,,,,,,,,9398
2015-11-29,,,,,,,,,,3626
2015-11-30,,,,,,,,,,9528
2015-12-01,,,,,,,,,,10955
2015-12-02,,,,,,,,,,7539
2015-12-03,,,,,,,,,,9451
2015-12-04,,,,,,,,,,7506
2015-12-05,,,,,,,,,,4585
2015-12-06,,,,,,,,,,6256
2015-12-07,,,,,,,,,,10594
2015-12-08,,,,,,,,,,6836
2015-12-09,,,,,,,,,,6014
2015-12-10,,,,,,,,,,8988
2015-12-11,,,,,,,,,,12327
2015-12-12,,,,,,,,,,6909
2015-12-13,,,,,,,,,,10157
2015-12-14,,,,,,,,,,10139
2015-12-15,,,,,,,,,,9304
2015-12-16,,,,,,,,,,9433
2015-12-17,,,,,,,,,,14658
2015-12-18,,,,,,,,,,14150
2015-12-19,,,,,,,,,,5062
2015-12-20,,,,,,,,,,8202
2015-12-21,,,,,,,,,,8242
2015-12-22,,,,,,,,,,8016
2015-12-23,,,,,,,,,,10966
2015-12-24,,,,,,,,,,14643
2015-12-25,,,,,,,,,,16123
2015-12-26,,,,,,,,,,6624
2015-12-27,,,,,,,,,,5739
2015-12-28,,,,,,,,,,5988
2015-12-29,,,,,,,,,,6065
2015-12-30,,,,,,,,,,4392
2015-12-31,,,,,,,,,,2793
2016-01-01,,,,,,,,,,3687
2016-01-02,,,,,,,,,,12670
2016-01-03,,,,,,,,,,7207
2016-01-04,,,,,,,,,,5503
2016-01-05,,,,,,,,,,5821
2016-01-06,,,,,,,,,,8134
2016-01-07,,,,,,,,,,7953
2016-01-08,,,,,,,,,,7838
2016-01-09,,,,,,,,,,4024
2016-01-10,,,,,,,,,,14475
2016-01-11,,,,,,,,,,7378
2016-01-12,,,,,,,,,,7598
2016-01-13,,,,,,,,,,8583
2016-01-14,,,,,,,,,,8411
2016-01-15,,,,,,,,,,8603
2016-01-16,,,,,,,,,,4250
2016-01-17,,,,,,,,,,7458
2016-01-18,,,,,,,,,,9170
2016-01-19,,,,,,,,,,11271
2016-01-20,,,,,,,,,,9391
2016-01-21,,,,,,,,,,10719
2016-01-22,,,,,,,,,,6230
2016-01-23,,,,,,,,,,1808
2016-01-24,,,,,,,,,,2364
2016-01-25,,,,,,,,,,8976
2016-01-26,,,,,,,,,,10297
2016-01-27,,,,,,,,,,7502
2016-01-28,,,,,,,,,,10799
2016-01-29,,,,,,,,,,3374
2016-01-30,,,,,,,,,,3289
2016-01-31,,,,,,,,,,4068
2016-02-01,,,,,,,,,,9028
2016-02-02,,,,,,,,,,3990
2016-02-03,,,,,,,,,,13871
2016-02-04,,,,,,,,,,9285
2016-02-05,,,,,,,,,,7685
2016-02-06,,,,,,,,,,6710
2016-02-07,,,,,,,,,,7056
2016-02-08,,,,,,,,,,8095
2016-02-09,,,,,,,,,,7573
2016-02-10,,,,,,,,,,9481
2016-02-11,,,,,,,,,,8575
2016-02-12,,,,,,,,,,8620
2016-02-13,,,,,,,,,,3189
2016-02-14,,,,,,,,,,4866
2016-02-15,,,,,,,,,,8073
2016-02-16,,,,,,,,,,9670
2016-02-17,,,,,,,,,,8330
2016-02-18,,,,,,,,,,8204
2016-02-19,,,,,,,,,,6865
2016-02-20,,,,,,,,,,5997
2016-02-21,,,,,,,,,,9325
2016-02-22,,,,,,,,,,13624
2016-02-23,,,,,,,,,,8876
2016-02-24,,,,,,,,,,9528
2016-02-25,,,,,,,,,,7868
2016-02-26,,,,,,,,,,7969
2016-02-27,,,,,,,,,,4226
2016-02-28,,,,,,,,,,11676
2016-02-29,,,,,,,,,,7885
2016-03-01,,,,,,,,,,7577
2016-03-02,,,,,,,,,,7603
2016-03-03,,,,,,,,,,8213
2016-03-04,,,,,,,,,,11421
2016-03-05,,,,,,,,,,8174
2016-03-06,,,,,,,,,,9741
2016-03-07,,,,,,,,,,8235
2016-03-08,,,,,,,,,,6683
2016-03-09,,,,,,,,,,7545
2016-03-10,,,,,,,,,,9579
2016-03-11,,,,,,,,,,8206
2016-03-12,,,,,,,,,,3223
2016-03-13,,,,,,,,,,2274
2016-03-14,,,,,,,,,,1685
2016-03-15,,,,,,,,,,8511
2016-03-16,,,,,,,,,,7049
2016-03-17,,,,,,,,,,6642
2016-03-18,,,,,,,,,,8803
2016-03-19,,,,,,,,,,4605
2016-03-20,,,,,,,,,,12675
2016-03-21,,,,,,,,,,4644
2016-03-22,,,,,,,,,,10540
2016-03-23,,,,,,,,,,7512
2016-03-24,,,,,,,,,,7696
2016-03-25,,,,,,,,,,8140
2016-03-26,,,,,,,,,,4829
2016-03-27,,,,,,,,,,7200
2016-03-28,,,,,,,,,,8769
2016-03-29,,,,,,,,,,8522
2016-03-30,,,,,,,,,,8496
2016-03-31,,,,,,,,,,7603
2016-04-01,,,,,,,,,,7787
2016-04-02,,,,,,,,,,7184
2016-04-03,,,,,,,,,,4282
2016-04-04,,,,,,,,,,9238
2016-04-05,,,,,,,,,,8905
2016-04-06,,,,,,,,,,8316
2016-04-07,,,,,,,,,,8352
2016-04-08,,,,,,,,,,8639
2016-04-09,,,,,,,,,,4756
2016-04-10,,,,,,,,,,3396
2016-04-11,,,,,,,,,,8809
2016-04-12,,,,,,,,,,8162
2016-04-13,,,,,,,,,,3322
2016-04-14,,,,,,,,,,3892
2016-04-15,,,,,,,,,,7921
2016-04-16,,,,,,,,,,4072
2016-04-17,,,,,,,,,,5713
2016-04-18,,,,,,,,,,7574
2016-04-19,,,,,,,,,,9697
2016-04-20,,,,,,,,,,7742
2016-04-21,,,,,,,,,,7140
2016-04-22,,,,,,,,,,12854
2016-04-23,,,,,,,,,,5575
2016-04-24,,,,,,,,,,4474
2016-04-25,,,,,,,,,,9026
2016-04-26,,,,,,,,,,6791
2016-04-27,,,,,,,,,,7861
2016-04-28,,,,,,,,,,9797
2016-04-29,,,,,,,,,,3935
2016-04-30,,,,,,,,,,5459
2016-05-01,,,,,,,,,,7551
2016-05-02,,,,,,,,,,4809
2016-05-03,,,,,,,,,,7394
2016-05-04,,,,,,,,,,6595
2016-05-05,,,,,,,,,,7021
2016-05-06,,,,,,,,,,7921
2016-05-07,,,,,,,,,,10328
2016-05-08,,,,,,,,,,8040
2016-05-09,,,,,,,,,,3653
2016-05-10,,,,,,,,,,8669
2016-05-11,,,,,,,,,,6498
2016-05-12,,,,,,,,,,10080
2016-05-13,,,,,,,,,,10209
2016-05-14,,,,,,,,,,18829
2016-05-15,,,,,,,,,,5262
2016-05-16,,,,,,,,,,8670
2016-05-17,,,,,,,,,,2874
2016-05-18,,,,,,,,,,7636
2016-05-19,,,,,,,,,,9299
2016-05-20,,,,,,,,,,8303
2016-05-21,,,,,,,,,,3735
2016-05-22,,,,,,,,,,4664
2016-05-23,,,,,,,,,,8030
2016-05-24,,,,,,,,,,8307
2016-05-25,,,,,,,,,,7425
2016-05-26,,,,,,,,,,8082
2016-05-27,,,,,,,,,,8768
2016-05-28,,,,,,,,,,4590
2016-05-29,,,,,,,,,,7137
2016-05-30,,,,,,,,,,8225
2016-05-31,,,,,,,,,,9617
2016-06-01,,,,,,,,,,7972
2016-06-02,,,,,,,,,,8736
2016-06-03,,,,,,,,,,7681
2016-06-04,,,,,,,,,,10802
2016-06-05,,,,,,,,,,10901
2016-06-06,,,,,,,,,,8251
2016-06-07,,,,,,,,,,8278
2016-06-08,,,,,,,,,,7596
2016-06-09,,,,,,,,,,8375
2016-06-10,,,,,,,,,,8393
2016-06-11,,,,,,,,,,5956
2016-06-12,,,,,,,,,,6284
2016-06-13,,,,,,,,,,9794
2016-06-14,,,,,,,,,,7889
2016-06-15,,,,,,,,,,7853
2016-06-16,,,,,,,,,,8733
2016-06-17,,,,,,,,,,7735
2016-06-18,,,,,,,,,,4599
2016-06-19,,,,,,,,,,7058
2016-06-20,,,,,,,,,,8444
2016-06-21,,,,,,,,,,8444
2016-06-22,,,,,,,,,,7989
2016-06-23,,,,,,,,,,9764
2016-06-24,,,,,,,,,,3694
2016-06-25,,,,,,,,,,10089
2016-06-26,,,,,,,,,,3871
2016-06-27,,,,,,,,,,3421
2016-06-28,,,,,,,,,,9060
2016-06-29,,,,,,,,,,8012
2016-06-30,,,,,,,,,,8096
2016-07-01,,,,,,,,,,9631
2016-07-02,,,,,,,,,,7269
2016-07-03,,,,,,,,,,7653
2016-07-04,,,,,,,,,,9063
2016-07-05,,,,,,,,,,7365
2016-07-06,,,,,,,,,,9074
2016-07-07,,,,,,,,,,7665
2016-07-08,,,,,,,,,,9341
2016-07-09,,,,,,,,,,7981
2016-07-10,,,,,,,,,,5708
2016-07-11,,,,,,,,,,5812
2016-07-12,,,,,,,,,,9635
2016-07-13,,,,,,,,,,6504
2016-07-14,,,,,,,,,,8764
2016-07-15,,,,,,,,,,9632
2016-07-16,,,,,,,,,,2882
2016-07-17,,,,,,,,,,6339
2016-07-18,,,,,,,,,,7652
2016-07-19,,,,,,,,,,13414
2016-07-20,,,,,,,,,,8308
2016-07-21,,,,,,,,,,14250
2016-07-22,,,,,,,,,,8944
2016-07-23,,,,,,,,,,4161
2016-07-24,,,,,,,,,,7294
2016-07-25,,,,,,,,,,8487
2016-07-26,,,,,,,,,,6852
2016-07-27,,,,,,,,,,9734
2016-07-28,,,,,,,,,,7603
2016-07-29,,,,,,,,,,9352
2016-07-30,,,,,,,,,,6354
2016-07-31,,,,,,,,,,4960
2016-08-01,,,,,,,,,,8562
2016-08-02,,,,,,,,,,8303
2016-08-03,,,,,,,,,,8462
2016-08-04,,,,,,,,,,11520
2016-08-05,,,,,,,,,,8167
2016-08-06,,,,,,,,,,2895
2016-08-07,,,,,,,,,,3556
2016-08-08,,,,,,,,,,9015
2016-08-09,,,,,,,,,,7994
2016-08-10,,,,,,,,,,7732
2016-08-11,,,,,,,,,,9166
2016-08-12,,,,,,,,,,16574
2016-08-13,,,,,,,,,,7546
2016-08-14,,,,,,,,,,9391
2016-08-15,,,,,,,,,,3329
2016-08-16,,,,,,,,,,4176
2016-08-17,,,,,,,,,,7940
2016-08-18,,,,,,,,,,5882
2016-08-19,,,,,,,,,,5238
2016-08-20,,,,,,,,,,4873
2016-08-21,,,,,,,,,,3860
2016-08-22,,,,,,,,,,8048
2016-08-23,,,,,,,,,,9598
2016-08-24,,,,,,,,,,6848
2016-08-25,,,,,,,,,,7797
2016-08-26,,,,,,,,,,8395
2016-08-27,,,,,,,,,,3939
2016-08-28,,,,,,,,,,9243
2016-08-29,,,,,,,,,,8419
2016-08-30,,,,,,,,,,10094
2016-08-31,,,,,72.0,,,,,8001
2016-09-01,,,,,,,,,,8520
2016-09-02,,,,,,,,,,7265
2016-09-03,,,,,,,,,,11896
2016-09-04,,,,,,,,,,5308
2016-09-05,,,,,,,,,,9026
2016-09-06,,,,,,,,,,8977
2016-09-07,,,,,,,,,,9054
2016-09-08,,,,,,,,,,2268
2016-09-09,,,,,,,,,,8749
2016-09-10,,,,,,,,,,4656
2016-09-11,,,,,,,,,,8159
2016-09-12,,,,,,,,,,10818
2016-09-13,,,,,,,,,,8397
2016-09-14,,,,,,,,,,9504
2016-09-15,,,,,,,,,,5020
2016-09-16,,,,,,,,,,8867
2016-09-17,,,,,,,,,,2434
2016-09-18,,,,,,,,,,5530
2016-09-19,,,,,,,,,,8329
2016-09-20,,,,,,,,,,9159
2016-09-21,,,,,,,,,,9705
2016-09-22,,,,,,,,,,11350
2016-09-23,,,,,,,,,,9043
2016-09-24,,,,,,,,,,4471
2016-09-25,,,,,,,,,,7130
2016-09-26,,,,,,,,,,7756
2016-09-27,,,,,,,,,,5156
2016-09-28,,,,,,,,,,7422
2016-09-29,,,,,,,,,,1500
2016-09-30,,,,,,,,,,9321
2016-10-01,,,,,,,,,,6437
2016-10-02,,,,,,,,,,6122
2016-10-03,,,,,,,,,,6569
2016-10-04,,,,,,,,,,9172
2016-10-05,,,,,,,,,,9788
2016-10-06,,,,,,,,,,4026
2016-10-07,,,,,,,,,,6668
2016-10-08,,,,,,,,,,4384
2016-10-09,,,,,,,,,,7239
2016-10-10,,,,,,,,,,3390
2016-10-11,,,,,,,,,,9978
2016-10-12,,,,,,,,,,6373
2016-10-13,,,,,,,,,,10905
2016-10-14,,,,,,,,,,8837
2016-10-15,,,,,,,,,,5384
2016-10-16,,,,,,,,,,7359
2016-10-17,,,,,,,,,,11632
2016-10-18,,,,,,,,,,14328
2016-10-19,,,,,,,,,,9027
2016-10-20,,,,,,,,,,11189
2016-10-21,,,,,,,,,,12255
2016-10-22,,,,,,,,,,8426
2016-10-23,,,,,,,,,,7624
2016-10-24,,,,,,,,,,9566
2016-10-25,,,,,,,,,,10380
2016-10-26,,,,,,,,,,5037
2016-10-27,,,,,,,,,,4744
2016-10-28,,,,,,,,,,3200
2016-10-29,,,,,,,,,,8912
2016-10-30,,,,,,,,,,6113
2016-10-31,,,,,,,,,,12188
2016-11-01,,,,,,,,,,13876
2016-11-02,,,,,,,,,,9656
2016-11-03,,,,,,,,,,7796
2016-11-04,,,,,,,,,,3096
2016-11-05,,,,,,,,,,7501
2016-11-06,,,,,,,,,,7816
2016-11-07,,,,,,,,,,9248
2016-11-08,,,,,,,,,,6722
2016-11-09,,,,,,,,,,9073
2016-11-10,,,,,,,,,,8048
2016-11-11,,,,,,,,,,5999
2016-11-12,,,,,,,,,,7306
2016-11-13,,,,,,,,,,9695
2016-11-14,,,,,,,,,,6550
2016-11-15,,,,,,,,,,6827
2016-11-16,,,,,,,,,,7936
2016-11-17,,,,,,,,,,8139
2016-11-18,,,,,,,,,,8135
2016-11-19,,,,,,,,,,4621
2016-11-20,,,,,,,,,,7172
2016-11-21,,,,,,,,,,11207
2016-11-22,,,,,,,,,,9502
2016-11-23,,,,,,,,,,10122
2016-11-24,,,,,,,,,,6472
2016-11-25,,,,,,,,,,2961
2016-11-26,,,,,,,,,,10947
2016-11-27,,,,,,,,,,8144
2016-11-28,,,,,,,,,,7077
2016-11-29,,,,,,,,,,7695
2016-11-30,,,,,,,,,,8198
2016-12-01,,,,,,,,,,4478
2016-12-02,,,,,,,,,,10472
2016-12-03,,,,,,,,,,11306
2016-12-04,,,,,,,,,,6568
2016-12-05,,,,,,,,,,7861
2016-12-06,,,,,,,,,,4488
2016-12-07,,,,,,,,,,8394
2016-12-08,,,,,,,,,,7382
2016-12-09,,,,,,,,,,9282
2016-12-10,,,,,,,,,,5285
2016-12-11,,,,,,,,,,6112
2016-12-12,,,,,,,,,,14198
2016-12-13,,,,,,,,,,14300
2016-12-14,,,,,,,,,,5013
2016-12-15,,,,,,,,,,9573
2016-12-16,,,,,,,,,,11606
2016-12-17,,,,,,,,,,6642
2016-12-18,,,,,73.2,,,,,7604
2016-12-19,,,,,72.6,,,,,10675
2016-12-20,,,,,73.4,,,,,10044
2016-12-21,,,,,,,,,,11746
2016-12-22,,,,,,,,,,11173
2016-12-23,,,,,,,,,,7499
2016-12-24,,,,,,,,,,2129
2016-12-25,,,,,,,,,,4405
2016-12-26,,,,,,,,,,2800
2016-12-27,,,,,,,,,,2376
2016-12-28,,,,,72.6,,,,,6117
2016-12-29,,,,,72.0,,,,,5612
2016-12-30,,,,,73.2,,,,,8289
2016-12-31,,,,,72.8,,,,,5940
2017-01-01,,,,,,,,,,3460
2017-01-02,,,,,74.0,,,,,7746
2017-01-03,,,,,,,,,,6236
2017-01-04,,,,,73.4,,,,,2606
2017-01-05,,,,,73.4,,,,,2219
2017-01-06,,,,,,,,,,12294
2017-01-07,,,,,,,,,,13344
2017-01-08,,,,,,,,,,11480
2017-01-09,,,,,,,,,,8673
2017-01-10,,,,,,,,,,6816
2017-01-11,,,,,,,,,,6003
2017-01-12,,,,,73.6,,,,,7582
2017-01-13,,,,,,,,,,5979
2017-01-14,,,,,,,,,,7884
2017-01-15,,,,,,,,,,3216
2017-01-16,,,,,,,,,,10111
2017-01-17,,,,,,,,,,2309
2017-01-18,,,,,,,,,,4371
2017-01-19,,,,,,,,,,3704
2017-01-20,,,,,,,,,,8656
2017-01-21,,,,,,,,,,6836
2017-01-22,,,,,,,,,,5428
2017-01-23,,,,,,,,,,6462
2017-01-24,,,,,73.8,,,,,5890
2017-01-25,,,,,,,,,,6595
2017-01-26,,,,,,,,,,9511
2017-01-27,,,,,,,,,,8028
2017-01-28,,,,,,,,,,6685
2017-01-29,,,,,,,,,,5788
2017-01-30,,,,,,,,,,9917
2017-01-31,,,,,,,,,,6262
2017-02-01,,,,,,,,,,10597
2017-02-02,,,,,,,,,,8183
2017-02-03,,,,,,,,,,4806
2017-02-04,,,,,75.0,,,,,3996
2017-02-05,,,,,73.2,,,,,6000
2017-02-06,,,,,,,,,,6767
2017-02-07,,,,,,,,,,4855
2017-02-08,,,,,,,,,,4321
2017-02-09,,,,,,,,,,4719
2017-02-10,,,,,,,,,,9605
2017-02-11,,,,,,,,,,5951
2017-02-12,,,,,,,,,,9663
2017-02-13,,,,,,,,,,3320
2017-02-14,,,,,,,,,,2603
2017-02-15,,,,,,,,,,5510
2017-02-16,,,,,,,,,,5685
2017-02-17,,,,,,,,,,5000
2017-02-18,,,,,73.6,,,,,5427
2017-02-19,,,,,73.2,,,,,7395
2017-02-20,,,,,,,,,,3411
2017-02-21,,,,,,,,,,4146
2017-02-22,,,,,,,,,,10150
2017-02-23,,,,,,,,,,5590
2017-02-24,,,,,,,,,,5246
2017-02-25,,,,,,,,,,5320
2017-02-26,,,,,,,,,,11422
2017-02-27,,,,,,,,,,10153
2017-02-28,,,,,,,,,,8892
2017-03-01,,,,,,,,,,10590
2017-03-02,,,,,,,,,,10732
2017-03-03,,,,,,,,,,9156
2017-03-04,,,,,72.6,,,,,8774
2017-03-05,,,,,,,,,,9694
2017-03-06,,,,,,,,,,7840
2017-03-07,,,,,,,,,,7048
2017-03-08,,,,,,,,,,5677
2017-03-09,,,,,,,,,,4350
2017-03-10,,,,,,,,,,8923
2017-03-11,,,,,75.4,,,,,4928
2017-03-12,,,,,,,,,,11441
2017-03-13,,,,,,,,,,8332
2017-03-14,,,,,,,,,,8321
2017-03-15,,,,,,,,,,9480
2017-03-16,,,,,,,,,,4977
2017-03-17,,,,,,,,,,5821
2017-03-18,,,,,,,,,,5034
2017-03-19,,,,,75.2,,,,,13268
2017-03-20,,,,,75.0,,,,,8201
2017-03-21,,,,,,,,,,7422
2017-03-22,,,,,,,,,,3849
2017-03-23,,,,,,,,,,3994
2017-03-24,,,,,,,,,,6956
2017-03-25,,,,,,,,,,5487
2017-03-26,,,,,,,,,,6218
2017-03-27,,,,,,,,,,10528
2017-03-28,,,,,,,,,,9127
2017-03-29,,,,,,,,,,8291
2017-03-30,,,,,,,,,,9497
2017-03-31,,,,,,,,,,10592
2017-04-01,,,,,,,,,,6362
2017-04-02,,,,,,,,,,5957
2017-04-03,,,,,,,,,,3055
2017-04-04,,,,,,,,,,5463
2017-04-05,,,,,,,,,,3869
2017-04-06,,,,,,,,,,7091
2017-04-07,,,,,,,,,,8188
2017-04-08,,,,,,,,,,5364
2017-04-09,,,,,,,,,,6626
2017-04-10,,,,,,,,,,7273
2017-04-11,,,,,,,,,,9776
2017-04-12,,,,,,,,,,8405
2017-04-13,,,,,,,,,,4675
2017-04-14,,,,,,,,,,13489
2017-04-15,,,,,,,,,,5964
2017-04-16,,,,,76.2,,,,,10591
2017-04-17,,,,,,,,,,4616
2017-04-18,,,,,,,,,,19998
2017-04-19,,,,,,,,,,11989
2017-04-20,,,,,,,,,,13125
2017-04-21,,,,,,,,,,11104
2017-04-22,,,,,,,,,,7153
2017-04-23,,,,,76.0,,,,,8543
2017-04-24,,,,,,,,,,9036
2017-04-25,,,,,,,,,,14571
2017-04-26,,,,,,,,,,10218
2017-04-27,,,,,,,,,,8618
2017-04-28,,,,,,,,,,18150
2017-04-29,,,,,,,,,,8953
2017-04-30,,,,,,,,,,6378
2017-05-01,,,,,,,,,,4835
2017-05-02,,,,,76.4,,,,,6971
2017-05-03,,,,,,,,,,9626
2017-05-04,,,,,,,,,,12103
2017-05-05,,,,,,,,,,11120
2017-05-06,,,,,,,,,,4405
2017-05-07,,,,,,,,,,9224
2017-05-08,,,,,,,,,,10042
2017-05-09,,,,,,,,,,11805
2017-05-10,,,,,,,,,,11958
2017-05-11,,,,,,,,,,7655
2017-05-12,,,,,,,,,,9039
2017-05-13,,,,,,,,,,6855
2017-05-14,,,,,77.2,,,,,8640
2017-05-15,,,,,,,,,,9593
2017-05-16,,,,,,,,,,9348
2017-05-17,,,,,,,,,,15094
2017-05-18,,,,,,,,,,5144
2017-05-19,,,,,,,,,,13436
2017-05-20,,,,,,,,,,6694
2017-05-21,,,,,,,,,,7191
2017-05-22,,,,,,,,,,8601
2017-05-23,,,,,,,,,,11320
2017-05-24,,,,,76.3,,,,,10873
2017-05-25,,,,,,,,,,7005
2017-05-26,,,,,,,,,,8787
2017-05-27,,,,,77.6,,,,,5137
2017-05-28,,,,,,,,,,4394
2017-05-29,,,,,,,,,,13173
2017-05-30,,,,,,,,,,9201
2017-05-31,,,,,,,,,,8427
2017-06-01,,,,,,,,,,6884
2017-06-02,,,,,75.2,,,,,2951
2017-06-03,,,,,75.8,,,,,10936
2017-06-04,,,,,76.2,,,,,9551
2017-06-05,,,,,,,,,,10993
2017-06-06,,,,,76.2,,,,,6561
2017-06-07,,,,,76.6,,,,,11694
2017-06-08,,,,,,,,,,11821
2017-06-09,,,,,75.8,,,,,10446
2017-06-10,,,,,76.0,,,,,9822
2017-06-11,,,,,75.6,,,,,10302
2017-06-12,,,,,,,,,,8937
2017-06-13,,,,,,,,,,7072
2017-06-14,,,,,75.2,,,,,11667
2017-06-15,,,,,,,,,,8152
2017-06-16,,,,,75.0,,,,,17096
2017-06-17,,,,,76.8,,,,,7221
2017-06-18,,,,,77.2,,,,,20111
2017-06-19,,,,,,,,,,16859
2017-06-20,,,,,77.4,,,,,8265
2017-06-21,,,,,,,,,,9611
2017-06-22,,,,,,,,,,9717
2017-06-23,,,,,75.8,,,,,10825
2017-06-24,,,,,76.4,,,,,10452
2017-06-25,,,,,77.6,,,,,4578
2017-06-26,,,,,,,,,,12081
2017-06-27,,,,,,,,,,9860
2017-06-28,,,,,74.8,,,,,8039
2017-06-29,,,,,,,,,,8505
2017-06-30,,,,,75.6,,,,,7864
2017-07-01,,,,,76.8,,,,,5193
2017-07-02,,,,,77.0,,,,,5318
2017-07-03,,,,,,,,,,9128
2017-07-04,,,,,75.0,,,,,8443
2017-07-05,,,,,,,,,,8852
2017-07-06,,,,,75.6,,,,,11298
2017-07-07,,,,,,,,,,8864
2017-07-08,,,,,,,,,,6444
2017-07-09,,,,,,,,,,6082
2017-07-10,,,,,,,,,,6681
2017-07-11,,,,,,,,,,10381
2017-07-12,,,,,,,,,,13793
2017-07-13,,,,,75.8,,,,,9531
2017-07-14,,,,,76.8,,,,,9855
2017-07-15,,,,,,,,,,10902
2017-07-16,,,,,76.8,,,,,8994
2017-07-17,,,,,76.8,,,,,4884
2017-07-18,,,,,,,,,,8857
2017-07-19,,,,,,,,,,7586
2017-07-20,,,,,,,,,,10849
2017-07-21,,,,,77.0,,,,,10673
2017-07-22,,,,,76.6,,,,,10294
2017-07-23,,,,,77.4,,,,,5063
2017-07-24,,,,,,,,,,9800
2017-07-25,,,,,,,,,,18876
2017-07-26,,,,,,,,,,13664
2017-07-27,,,,,,,,,,27910
2017-07-28,,,,,76.0,,,,,23172
2017-07-29,,,,,76.4,,,,,8168
2017-07-30,,,,,77.0,,,,,16105
2017-07-31,,,,,,,,,,20552
2017-08-01,,,,,,,,,,8303
2017-08-02,,,,,,,,,,7280
2017-08-03,,,,,,,,,,6849
2017-08-04,,,,,,,,,,5091
2017-08-05,,,,,76.4,,,,,5504
2017-08-06,,,,,76.4,,,,,4041
2017-08-07,,,,,,,,,,5893
2017-08-08,,,,,,,,,,10292
2017-08-09,,,,,76.8,,,,,5231
2017-08-10,,,,,,,,,,8882
2017-08-11,,,,,,,,,,11784
2017-08-12,,,,,,,,,,11957
2017-08-13,,,,,,,,,,12165
2017-08-14,,,,,,,,,,6891
2017-08-15,,,,,78.4,,,,,5910
2017-08-16,,,,,77.4,,,,,4002
2017-08-17,,,,,,,,,,666
2017-08-18,,,,,77.6,,,,,4105
2017-08-19,,,,,,,,,,3196
2017-08-20,,,,,,,,,,3092
2017-08-21,,,,,,,,,,11603
2017-08-22,,,,,76.4,,,,,8952
2017-08-23,,,,,,,,,,6838
2017-08-24,,,,,,,,,,7744
2017-08-25,,,,,77.0,,,,,3650
2017-08-26,,,,,77.6,,,,,3650
2017-08-27,,,,,76.6,,,,,3710
2017-08-28,,,,,,,,,,12811
2017-08-29,,,,,,,,,,8185
2017-08-30,,,,,,,,,,2821
2017-08-31,,,,,,,,,,9364
2017-09-01,,,,,,,,,,6947
2017-09-02,,,,,,,,,,1685
2017-09-03,,,,,,,,,,4530
2017-09-04,,,,,,,,,,10952
2017-09-05,,,,,,,,,,9639
2017-09-06,,,,,75.4,,,,,9315
2017-09-07,,,,,,,,,,7829
2017-09-08,,,,,,,,,,7779
2017-09-09,,,,,,,,,,6675
2017-09-10,,,,,,,,,,7826
2017-09-11,,,,,,,,,,13407
2017-09-12,,,,,75.2,,,,,7146
2017-09-13,,,,,,,,,,10040
2017-09-14,,,,,,,,,,9144
2017-09-15,,,,,,,,,,6241
2017-09-16,,,,,,,,,,5369
2017-09-17,,,,,76.2,,,,,7189
2017-09-18,,,,,,,,,,6816
2017-09-19,,,,,,,,,,8608
2017-09-20,,,,,,,,,,6661
2017-09-21,,,,,,,,,,7777
2017-09-22,,,,,,,,,,6808
2017-09-23,,,,,,,,,,3227
2017-09-24,,,,,76.6,,,,,8103
2017-09-25,,,,,74.8,,,,,7888
2017-09-26,,,,,,,,,,6389
2017-09-27,,,,,74.6,,,,,6552
2017-09-28,,,,,,,,,,6810
2017-09-29,,,,,,,,,,14234
2017-09-30,,,,,,,,,,9318
2017-10-01,,,,,75.0,,,,,12940
2017-10-02,,,,,,,,,,13315
2017-10-03,,,,,74.6,,,,,16819
2017-10-04,,,,,,,,,,15060
2017-10-05,,,,,,,,,,11038
2017-10-06,,,,,74.0,,,76.0,,28587
2017-10-07,,,,,75.4,,,61.0,,12229
2017-10-08,,,,,76.6,,,53.0,,27745
2017-10-09,,,,,76.2,,,53.0,,28773
2017-10-10,,,,,74.2,,,52.0,,20554
2017-10-11,,,,,,,,55.0,,24556
2017-10-12,,,,,73.8,,,57.0,,14449
2017-10-13,,,,,,,,55.0,,18609
2017-10-14,,,,,,,,56.0,,15344
2017-10-15,,,,,75.8,,,53.0,,13776
2017-10-16,,,,,,,,51.0,,13760
2017-10-17,,,,,75.2,,,51.0,,15295
2017-10-18,,,,,,,,53.0,,13305
2017-10-19,,,,,,,,56.0,,14823
2017-10-20,,,,,74.0,,,54.0,,11649
2017-10-21,,,,,,,,57.0,,8785
2017-10-22,,,,,,,,59.0,,12313
2017-10-23,,,,,,,,55.0,,20533
2017-10-24,,,,,,,,58.0,,23821
2017-10-25,,,,,73.5,,,60.0,,18942
2017-10-26,,,,,,,,57.0,,6892
2017-10-27,,,,,,,,55.0,,25751
2017-10-28,,,,,73.2,,,56.0,,14873
2017-10-29,,,,,,,,56.0,,16661
2017-10-30,,,,,73.4,,,58.0,,22229
2017-10-31,,,,,,,,59.0,,17694
2017-11-01,,,,,,,,57.0,,14815
2017-11-02,,,,,,,,62.0,,12581
2017-11-03,,,,,,,,60.0,,5842
2017-11-04,,,,,,,,60.0,,11507
2017-11-05,,,,,,,,58.0,,16675
2017-11-06,,,,,,,,57.0,,10268
2017-11-07,,,,,,,,63.0,,11861
2017-11-08,,,,,,,,61.0,,15635
2017-11-09,,,,,74.0,,,58.0,,13416
2017-11-10,,,,,,,,55.0,,17869
2017-11-11,,,,,,,,54.0,,11183
2017-11-12,,,,,,,,55.0,,22471
2017-11-13,,,,,,,,55.0,,26712
2017-11-14,,,,,74.8,,,57.0,,7303
2017-11-15,,,,,73.8,,,76.0,,13679
2017-11-16,,,,,,,,56.0,,15480
2017-11-17,,,,,,,,57.0,,32667
2017-11-18,,,,,,,,53.0,,17291
2017-11-19,,,,,74.2,,,56.0,,16233
2017-11-20,,,,,,,,52.0,,11051
2017-11-21,,,,,,,,60.0,,21754
2017-11-22,,,,,,,,60.0,,14622
2017-11-23,,,,,,,,53.0,,23860
2017-11-24,,,,,74.0,,,59.0,,24861
2017-11-25,,,,,,,,62.0,,20789
2017-11-26,,,,,,,,55.0,,19041
2017-11-27,,,,,,,,52.0,,30865
2017-11-28,,,,,,,,59.0,,17798
2017-11-29,,,,,,,,54.0,,14057
2017-11-30,,,,,,,,55.0,,13436
2017-12-01,,,,,73.0,,,55.0,,14476
2017-12-02,,,,,,,,58.0,,11271
2017-12-03,,,,,73.8,,,58.0,,24301
2017-12-04,,,,,,,,53.0,,15638
2017-12-05,,,,,,,,62.0,,15840
2017-12-06,,,,,,,,55.0,,19785
2017-12-07,,,,,,,,58.0,,9237
2017-12-08,,,,,,,,60.0,,18357
2017-12-09,,,,,,,,57.0,,11703
2017-12-10,,,,,,,,55.0,,13252
2017-12-11,,,,,,,,55.0,,17947
2017-12-12,,,,,,,,57.0,,7973
2017-12-13,,,,,,,,57.0,,25345
2017-12-14,,,,,,,,60.0,,21698
2017-12-15,,,,,,,,59.0,,20098
2017-12-16,,,,,,,,61.0,,31882
2017-12-17,,,,,,,,63.0,,16397
2017-12-18,,,,,,,,58.0,,5294
2017-12-19,,,,,,,,60.0,,12557
2017-12-20,,,,,,,,58.0,,12128
2017-12-21,,,,,,,,66.0,,22492
2017-12-22,,,,,,,,64.0,,23518
2017-12-23,,,,,,,,63.0,,14219
2017-12-24,,,,,,,,59.0,,11651
2017-12-25,,,,,,,,59.0,,14687
2017-12-26,,,,,,,,59.0,,25776
2017-12-27,,,,,,,,63.0,,13397
2017-12-28,,,,,,,,63.0,,18307
2017-12-29,,,,,,,,56.0,,20354
2017-12-30,,,,,75.8,,,58.0,,14590
2017-12-31,,,,,77.0,,,63.0,,19689
2018-01-01,,,,,76.6,,,55.0,,15653
2018-01-02,,,,,76.8,,,58.0,,25233
2018-01-03,,,,,75.6,,,57.0,,28692
2018-01-04,,,,,77.4,,,57.0,,14912
2018-01-05,,,,,76.8,,,58.0,,6794
2018-01-06,,,,,77.2,,,57.0,,11538
2018-01-07,,,,,77.4,,,57.0,,17416
2018-01-08,,,,,,,,56.0,,30715
2018-01-09,,,,,,,,62.0,,15090
2018-01-10,,,,,,,,63.0,,25182
2018-01-11,,,,,,,,58.0,,12241
2018-01-12,,,,,75.0,,,58.0,,10263
2018-01-13,,,,,76.0,,,56.0,,11450
2018-01-14,,,,,75.6,,,53.0,,13742
2018-01-15,,,,,,,,56.0,,20829
2018-01-16,,,,,75.8,,,59.0,,7488
2018-01-17,,,,,,,,55.0,,14322
2018-01-18,,,,,,,,57.0,,14652
2018-01-19,,,,,75.4,,,58.0,,6156
2018-01-20,,,,,76.2,,,55.0,,14915
2018-01-21,,,,,75.6,,,58.0,,17698
2018-01-22,,,,,,,,59.0,,22970
2018-01-23,,,,,,,,58.0,,17385
2018-01-24,,,,,74.8,,,60.0,,13788
2018-01-25,,,,,,,,57.0,,16335
2018-01-26,,,,,,,,55.0,,23315
2018-01-27,,,,,76.6,,,58.0,,12072
2018-01-28,,,,,76.0,,,56.0,,25463
2018-01-29,,,,,,,,54.0,,28185
2018-01-30,,,,,,,,54.0,,24323
2018-01-31,,,,,,,,58.0,,25415
2018-02-01,,,,,,,,64.0,,22386
2018-02-02,,,,,,,,70.0,,6378
2018-02-03,,,,,73.4,,,60.0,,4858
2018-02-04,,,,,,,,56.0,,11624
2018-02-05,,,,,,,,55.0,,6246
2018-02-06,,,,,,,,57.0,,8539
2018-02-07,,,,,,,,57.0,,14155
2018-02-08,,,,,,,,60.0,,15397
2018-02-09,,,,,,,,59.0,,18339
2018-02-10,,,,,75.8,,,58.0,,11562
2018-02-11,,,,,76.0,,,54.0,,40777
2018-02-12,,,,,,,,55.0,,43807
2018-02-13,,,,,,,,60.0,,37078
2018-02-14,,,,,,,,58.0,,24527
2018-02-15,,,,,,,,57.0,,30252
2018-02-16,,,,,75.0,,,60.0,,40337
2018-02-17,,,,,,,,58.0,,22022
2018-02-18,,,,,76.2,,,56.0,,27188
2018-02-19,,,,,,,,57.0,,17140
2018-02-20,,,,,,,,58.0,,15276
2018-02-21,,,,,,,,60.0,,20780
2018-02-22,,,,,,,,60.0,,30058
2018-02-23,,,,,,,,60.0,,20834
2018-02-24,,,,,76.0,,,59.0,,14339
2018-02-25,,,,,75.6,,,58.0,,18398
2018-02-26,,,,,,,,56.0,,16981
2018-02-27,,,,,,,,58.0,,17625
2018-02-28,,,,,,,,59.0,,17362
2018-03-01,,,,,,,,59.0,,13662
2018-03-02,,,,,,,,63.0,,8681
2018-03-03,,,,,75.4,,,62.0,,17841
2018-03-04,,,,,76.6,,,56.0,,21979
2018-03-05,,,,,,,,57.0,,18601
2018-03-06,,,,,,,,58.0,,19200
2018-03-07,,,,,,,,58.0,,20064
2018-03-08,,,,,,,,63.0,,23643
2018-03-09,,,,,,,,59.0,,24404
2018-03-10,,,,,,,,57.0,,33463
2018-03-11,,,,,74.8,,,54.0,,34899
2018-03-12,,,,,,,,59.0,,40584
2018-03-13,,,,,,,,59.0,,29142
2018-03-14,,,,,,,,56.0,,29469
2018-03-15,,,,,,,,62.0,,18480
2018-03-16,,,,,,,,60.0,,15111
2018-03-17,,,,,76.8,,,59.0,,22988
2018-03-18,,,,,,,,58.0,,10368
2018-03-19,,,,,,,,59.0,,22029
2018-03-20,,,,,,,,62.0,,21737
2018-03-21,,,,,,,,58.0,,32447
2018-03-22,,,,,,,,57.0,,31670
2018-03-23,,,,,74.0,,,58.0,,27526
2018-03-24,,,,,76.2,,,55.0,,22519
2018-03-25,,,,,,,,56.0,,19784
2018-03-26,,,,,,,,53.0,,11493
2018-03-27,,,,,,,,66.0,,10312
2018-03-28,,,,,,,,60.0,,19785
2018-03-29,,,,,,,,59.0,,22128
2018-03-30,,,,,75.4,,,59.0,,30507
2018-03-31,,,,,,,,56.0,,12831
2018-04-01,,,,,,,,56.0,,20960
2018-04-02,,,,,,,,54.0,,18093
2018-04-03,,,,,,,,59.0,,27955
2018-04-04,,,,,74.8,,,59.0,,27516
2018-04-05,,,,,,,,56.0,,23474
2018-04-06,,,,,,,,56.0,,31341
2018-04-07,,,,,,,,55.0,,21409
2018-04-08,,,,,,,,51.0,,14950
2018-04-09,,,,,,,,52.0,,36911
2018-04-10,,,,,,,,58.0,,32202
2018-04-11,,,,,,,,54.0,,23811
2018-04-12,,,,,75.0,,,57.0,,21034
2018-04-13,,,,,,,,51.0,,29804
2018-04-14,,,,,,,,56.0,,10182
2018-04-15,,,,,,,,53.0,,15266
2018-04-16,,,,,,,,54.0,,21367
2018-04-17,,,,,,,,54.0,,20737
2018-04-18,,,,,,,,56.0,,19284
2018-04-19,,,,,,,,54.0,,24166
2018-04-20,,,,,,,,56.0,,18672
2018-04-21,,,,,,,,57.0,,19753
2018-04-22,,,,,,,,59.0,,14408
2018-04-23,,,,,,,,56.0,,25373
2018-04-24,,,,,76.6,,,56.0,,28205
2018-04-25,,,,,,,,54.0,,10939
2018-04-26,,,,,,,,56.0,,17255
2018-04-27,,,,,,,,54.0,,20047
2018-04-28,,,,,,,,54.0,,18950
2018-04-29,,,,,78.0,,,56.0,,16276
2018-04-30,,,,,,,,57.0,,16793
2018-05-01,,,,,,,,56.0,,21878
2018-05-02,,,,,,,,59.0,,20252
2018-05-03,,,,,,,,54.0,,22027
2018-05-04,,,,,,,,55.0,,31337
2018-05-05,,,,,,,,53.0,,18212
2018-05-06,,,,,78.4,,,55.0,,8065
2018-05-07,,,,,,,,56.0,,16529
2018-05-08,,,,,,,,58.0,,14139
2018-05-09,,,,,,,,58.0,,13882
2018-05-10,,,,,75.8,,,61.0,,4047
2018-05-11,,,,,,,,60.0,,19408
2018-05-12,,,,,,,,57.0,,26296
2018-05-13,,,,,,,,58.0,,12640
2018-05-14,,,,,,,,56.0,,14907
2018-05-15,,,,,,,,60.0,,20684
2018-05-16,,,,,,,,58.0,,18589
2018-05-17,,,,,,,,59.0,,12594
2018-05-18,,,,,,,,63.0,,19675
2018-05-19,,,,,,,,56.0,,13050
2018-05-20,,,,,76.8,,,55.0,,15120
2018-05-21,,,,,,,,49.0,,19623
2018-05-22,,,,,,,,59.0,,19606
2018-05-23,,,,,,,,55.0,,15388
2018-05-24,,,,,76.0,,,61.0,,21033
2018-05-25,,,,,,,,58.0,,27234
2018-05-26,,,,,,,,58.0,,41539
2018-05-27,,,,,77.6,,,55.0,,25560
2018-05-28,,,,,,,,57.0,,25690
2018-05-29,,,,,,,,55.0,,5619
2018-05-30,,,,,74.0,,,63.0,,13102
2018-05-31,,,,,74.2,,,54.0,,5743
2018-06-01,,,,,,,,54.0,,17741
2018-06-02,,,,,74.3,,,54.0,,22797
2018-06-03,,,,,,,,54.0,,11747
2018-06-04,,,,,73.4,,,54.0,,17985
2018-06-05,,,,,,,,50.0,,16055
2018-06-06,,,,,,,,57.0,,17948
2018-06-07,,,,,,,,57.0,,14014
2018-06-08,,,,,73.9,,,56.0,,16832
2018-06-09,,,,,75.6,,,51.0,,31994
2018-06-10,,,,,,,,52.0,,18868
2018-06-11,,,,,,,,54.0,,21695
2018-06-12,,,,,,,,55.0,,24064
2018-06-13,,,,,,,,53.0,,25278
2018-06-14,,,,,73.6,,,55.0,,30865
2018-06-15,,,,,73.0,,,56.0,,16995
2018-06-16,,,,,,,,53.0,,13854
2018-06-17,,,,,75.0,,,57.0,,15333
2018-06-18,,,,,73.6,,,50.0,,27714
2018-06-19,,,,,,,,57.0,,19909
2018-06-20,,,,,,,,57.0,,37993
2018-06-21,,,,,,,,58.0,,30204
2018-06-22,,,,,,,,57.0,,53923
2018-06-23,,,,,,,,51.0,,32585
2018-06-24,,,,,,,,53.0,,29119
2018-06-25,,,,,74.2,,,52.0,,10048
2018-06-26,,,,,74.0,,,54.0,,17454
2018-06-27,,,,,73.6,,,57.0,,7216
2018-06-28,,,,,74.0,,,54.0,,10289
2018-06-29,,,,,73.4,,,52.0,,13687
2018-06-30,,,,,74.8,,,54.0,,20477
2018-07-01,,,,,,,,54.0,,28971
2018-07-02,,,,,,,,57.0,,25393
2018-07-03,,,,,72.6,,,57.0,,27914
2018-07-04,,,,,,,,58.0,,34897
2018-07-05,,,,,,,,54.0,,15848
2018-07-06,,,,,72.8,,,61.0,,16591
2018-07-07,,,,,,,,58.0,,10712
2018-07-08,,,,,73.6,,,54.0,,18192
2018-07-09,,,,,72.6,,,55.0,,13478
2018-07-10,,,,,,,,58.0,,16270
2018-07-11,,,,,,,,55.0,,14616
2018-07-12,,,,,73.6,,,58.0,,11887
2018-07-13,,,,,72.0,,,57.0,,14939
2018-07-14,,,,,74.2,,,58.0,,16569
2018-07-15,,,,,,,,57.0,,26485
2018-07-16,,,,,73.4,,,57.0,,18112
2018-07-17,,,,,73.0,,,53.0,,16707
2018-07-18,,,,,,,,52.0,,18358
2018-07-19,,,,,73.2,,,54.0,,15499
2018-07-20,,,,,72.4,,,57.0,,21185
2018-07-21,,,,,,,,52.0,,30823
2018-07-22,,,,,,,,58.0,,23123
2018-07-23,,,,,72.6,,,55.0,,21793
2018-07-24,,,,,,,,55.0,,21762
2018-07-25,,,,,,,,54.0,,21810
2018-07-26,,,,,72.8,,,53.0,,33150
2018-07-27,,,,,,,,55.0,,32275
2018-07-28,,,,,,,,51.0,,17281
2018-07-29,,,,,,,,55.0,,16000
2018-07-30,,,,,,,,54.0,,27635
2018-07-31,,,,,73.2,,,54.0,,17385
2018-08-01,,,,,,,,52.0,,9704
2018-08-02,,,,,,,,55.0,,17297
2018-08-03,,,,,,,,54.0,,21004
2018-08-04,,,,,73.6,,,54.0,,17982
2018-08-05,,,,,73.6,,,52.0,,8967
2018-08-06,,,,,73.4,,,55.0,,33066
2018-08-07,,,,,,,,50.0,,20299
2018-08-08,,,,,,,,53.0,,35555
2018-08-09,,,,,72.2,,,51.0,,41399
2018-08-10,,,,,71.8,,,53.0,,22279
2018-08-11,,,,,,,,52.0,,45596
2018-08-12,,,,,,,,56.0,,13950
2018-08-13,,,,,,,,53.0,,16277
2018-08-14,,,,,,,,55.0,,22299
2018-08-15,,,,,,,,54.0,,9326
2018-08-16,,,,,,,,53.0,,5798
2018-08-17,,,,,,,,48.0,,6527
2018-08-18,,,,,,,,52.0,,14208
2018-08-19,,,,,,,,54.0,,15260
2018-08-20,,,,,,,,54.0,,13162
2018-08-21,,,,,,,,54.0,,22511
2018-08-22,,,,,,,,55.0,,17064
2018-08-23,,,,,,,,56.0,,9854
2018-08-24,,,,,72.4,,,57.0,,20662
2018-08-25,,,,,,,,50.0,,12991
2018-08-26,,,,,,,,54.0,,12812
2018-08-27,,,,,,,,51.0,,20816
2018-08-28,,,,,72.0,,,55.0,,15908
2018-08-29,,,,,72.4,,,57.0,,13550
2018-08-30,,,,,72.0,,,57.0,,14961
2018-08-31,,,,,72.0,,,54.0,,15198
2018-09-01,,,,,,,,53.0,,25078
2018-09-02,,,,,,,,56.0,,16302
2018-09-03,,,,,,,,52.0,,14689
2018-09-04,,,,,72.0,,,55.0,,9859
2018-09-05,,,,,71.6,,,56.0,,13804
2018-09-06,,,,,,,,57.0,,14874
2018-09-07,,,,,71.3,,,58.0,,20862
2018-09-08,,,,,,,,54.0,,13098
2018-09-09,,,,,,,,51.0,,12424
2018-09-10,,,,,71.4,,,48.0,,14472
2018-09-11,,,,,71.4,,,53.0,,12721
2018-09-12,,,,,,,,54.0,,13943
2018-09-13,,,,,,,,54.0,,17146
2018-09-14,,,,,,,,55.0,,20647
2018-09-15,,,,,,,,54.0,,23468
2018-09-16,,,,,,,,54.0,,17023
2018-09-17,,,,,,,,53.0,,14800
2018-09-18,,,,,,,,60.0,,19617
2018-09-19,,,,,71.2,,,60.0,,17698
2018-09-20,,,,,,,,56.0,,16313
2018-09-21,,,,,71.4,,,58.0,,8352
2018-09-22,,,,,,,,59.0,,12503
2018-09-23,,,,,71.6,,,56.0,,16138
2018-09-24,,,,,,,,55.0,,19652
2018-09-25,,,,,72.4,,,55.0,,4228
2018-09-26,,,,,,,,55.0,,18231
2018-09-27,,,,,,,,56.0,,20211
2018-09-28,,,,,70.8,,,58.0,,16713
2018-09-29,,,,,,,,56.0,,16008
2018-09-30,,,,,,,,60.0,,15165
2018-10-01,,,,,,,,53.0,,11891
2018-10-02,,,,,71.0,,,57.0,,18304
2018-10-03,,,,,70.8,,,53.0,,22395
2018-10-04,,,,,,,,55.0,,18806
2018-10-05,,,,,70.8,,,53.0,,19751
2018-10-06,,,,,,,,57.0,,24554
2018-10-07,,,,,,,,51.0,,12047
2018-10-08,,,,,,,,58.0,,20244
2018-10-09,,,,,,,,53.0,,22140
2018-10-10,,,,,71.6,,,56.0,,17836
2018-10-11,,,,,71.2,,,52.0,,16257
2018-10-12,,,,,,,,48.0,,17930
2018-10-13,,,,,,,,49.0,,17592
2018-10-14,,,,,,,,55.0,,16167
2018-10-15,,,,,70.8,,,50.0,,23713
2018-10-16,,,,,71.0,,,55.0,,21320
2018-10-17,,,,,,,,56.0,,16663
2018-10-18,,,,,,,,49.0,,21017
2018-10-19,,,,,71.0,,,56.0,,22700
2018-10-20,,,,,,,,50.0,,15204
2018-10-21,,,,,,,,48.0,,13400
2018-10-22,,,,,70.8,,,51.0,,29475
2018-10-23,,,,,,,,54.0,,14650
2018-10-24,,,,,,,,53.0,,13236
2018-10-25,,,,,71.2,,,56.0,,5869
2018-10-26,,,,,71.8,,,48.0,,10170
2018-10-27,,,,,,,,58.0,,15734
2018-10-28,,,,,71.8,,,55.0,,17864
2018-10-29,,,,,70.8,,,54.0,,13760
2018-10-30,,,,,,,,54.0,,13564
2018-10-31,,,,,,,,57.0,,12342
2018-11-01,,,,,,,,55.0,,18261
2018-11-02,,,,,,,,58.0,,28187
2018-11-03,,,,,,,,59.0,,12790
2018-11-04,,,,,,,,60.0,,18497
2018-11-05,,,,,,,,58.0,,25338
2018-11-06,,,,,,,,60.0,,22966
2018-11-07,,,,,71.4,,,59.0,,19773
2018-11-08,,,,,71.2,,,62.0,,21976
2018-11-09,,,,,,,,60.0,,26354
2018-11-10,,,,,,,,58.0,,33944
2018-11-11,,,,,71.4,,,59.0,,34830
2018-11-12,,,,,,,,58.0,,24034
2018-11-13,,,,,70.9,,,63.0,,31634
2018-11-14,,,,,,,,60.0,,24749
2018-11-15,,,,,70.5,,,63.0,,29928
2018-11-16,,,,,70.8,,,62.0,,31298
2018-11-17,,,,,,,,58.0,,17454
2018-11-18,,,,,,,,55.0,,29095
2018-11-19,,,,,70.6,,,59.0,,26107
2018-11-20,,,,,,,,61.0,,11605
2018-11-21,,,,,70.8,,,61.0,,15514
2018-11-22,,,,,70.4,,,63.0,,19694
2018-11-23,,,,,,,,61.0,,20586
2018-11-24,,,,,,,,61.0,,30988
2018-11-25,,,,,,,,60.0,,18219
2018-11-26,,,,,,,,61.0,,11871
2018-11-27,,,,,71.2,,,58.0,,19693
2018-11-28,,,,,71.6,,,63.0,,17338
2018-11-29,,,,,,,,62.0,,10765
2018-11-30,,,,,,,,60.0,,21563
2018-12-01,,,,,,,,62.0,,17662
2018-12-02,,,,,72.4,,,57.0,,18098
2018-12-03,,,,,,,,60.0,,13297
2018-12-04,,,,,,,,63.0,,7633
2018-12-05,,,,,,,,60.0,,23247
2018-12-06,,,,,,,,61.0,,20700
2018-12-07,,,,,72.0,,,60.0,,26339
2018-12-08,,,,,,,,60.0,,14564
2018-12-09,,,,,,,,60.0,,15471
2018-12-10,,,,,,,,60.0,,20681
2018-12-11,,,,,,,,60.0,,14658
2018-12-12,,,,,,,,61.0,,14779
2018-12-13,,,,,,,,61.0,,21045
2018-12-14,,,,,,,,64.0,,17514
2018-12-15,,,,,,,,62.0,,17642
2018-12-16,,,,,,,,64.0,,18743
2018-12-17,,,,,,,,63.0,,26623
2018-12-18,,,,,,,,64.0,,19403
2018-12-19,,,,,71.8,,,60.0,,12980
2018-12-20,,,,,,,,65.0,,21010
2018-12-21,,,,,72.2,,,63.0,,26785
2018-12-22,,,,,,,,61.0,,14707
2018-12-23,,,,,,,,62.0,,20207
2018-12-24,,,,,,,,61.0,,14203
2018-12-25,,,,,,,,63.0,,26149
2018-12-26,,,,,,,,66.0,,16515
2018-12-27,,,,,74.4,,,67.0,,20734
2018-12-28,,,,,,,,65.0,,17619
2018-12-29,,,,,72.8,,,68.0,,16676
2018-12-30,,,,,,,,66.0,,16215
2018-12-31,,,,,,,,63.0,,15849
2019-01-01,,,,,,,,67.0,,689
2019-01-02,,,,,72.0,,,70.0,,3444
2019-01-03,,,,,,,,74.0,,16741
2019-01-04,,,,,,,,68.0,,10986
2019-01-05,,,,,,,,62.0,,13254
2019-01-06,,,,,,,,60.0,,14796
2019-01-07,,,,,,,,60.0,,16384
2019-01-08,,,,,,,,66.0,,14539
2019-01-09,,,,,,,,66.0,,14203
2019-01-10,,,,,71.8,,,65.0,,21560
2019-01-11,,,,,,,,71.0,,20235
2019-01-12,,,,,,,,63.0,,17548
2019-01-13,,,,,,,,60.0,,31515
2019-01-14,,,,,,,,62.0,,27713
2019-01-15,,,,,,,,64.0,,15852
2019-01-16,,,,,,,,62.0,,18532
2019-01-17,,,,,,,,62.0,,23431
2019-01-18,,,,,,,,63.0,,16159
2019-01-19,,,,,,,,61.0,,18854
2019-01-20,,,,,,,,60.0,,14454
2019-01-21,,,,,,,,62.0,,10830
2019-01-22,,,,,73.2,,,67.0,,17513
2019-01-23,,,,,72.8,,,61.0,,17642
2019-01-24,,,,,,,,64.0,,28354
2019-01-25,,,,,72.4,,,62.0,,16391
2019-01-26,,,,,,,,62.0,,20667
2019-01-27,,,,,73.0,,,59.0,,18812
2019-01-28,,,,,,,,63.0,,15248
2019-01-29,,,,,71.4,,,61.0,,13383
2019-01-30,,,,,72.0,,,58.0,,16445
2019-01-31,,,,,,,,59.0,,12117
2019-02-01,,,,,,,,66.0,,23014
2019-02-02,,,,,,,,59.0,,13970
2019-02-03,,,,,,,,59.0,,12881
2019-02-04,,,,,,,,59.0,,13752
2019-02-05,,,,,,,,59.0,,14717
2019-02-06,,,,,72.6,,,64.0,,15498
2019-02-07,,,,,,,,64.0,,14754
2019-02-08,,,,,,,,63.0,,12678
2019-02-09,,,,,,,,57.0,,11953
2019-02-10,,,,,,,,56.0,,15931
2019-02-11,,,,,,,,66.0,,14221
2019-02-12,,,,,,,,66.0,,12304
2019-02-13,,,,,,,,64.0,,10310
2019-02-14,,,,,,,,63.0,,16396
2019-02-15,,,,,,,,62.0,,25186
2019-02-16,,,,,,,,60.0,,11568
2019-02-17,,,,,,,,57.0,,21097
2019-02-18,,,,,,,,63.0,,11365
2019-02-19,,,,,,,,59.0,,13120
2019-02-20,,,,,,,,63.0,,11877
2019-02-21,,,,,,,,64.0,,12272
2019-02-22,,,,,,,,62.0,,8506
2019-02-23,,,,,,,,63.0,,12209
2019-02-24,,,,,,,,59.0,,14596
2019-02-25,,,,,,,,65.0,,14694
2019-02-26,,,,,,,,67.0,,18114
2019-02-27,,,,,,,,61.0,,13937
2019-02-28,,,,,,,,64.0,,12424
2019-03-01,,,,,,,,60.0,,21229
2019-03-02,,,,,,,,63.0,,16803
2019-03-03,,,,,,,,66.0,,10376
2019-03-04,,,,,,,,62.0,,13374
2019-03-05,,,,,,,,61.0,,12719
2019-03-06,,,,,,,,65.0,,15245
2019-03-07,,,,,,,,62.0,,13221
2019-03-08,,,,,,,,65.0,,8592
2019-03-09,,,,,,,,62.0,,18770
2019-03-10,,,,,,,,59.0,,15617
2019-03-11,,,,,,,,65.0,,11759
2019-03-12,,,,,74.6,,,63.0,,17603
2019-03-13,,,,,,,,66.0,,14094
2019-03-14,,,,,,,,66.0,,15794
2019-03-15,,,,,,,,66.0,,18513
2019-03-16,,,,,,,,60.0,,13527
2019-03-17,,,,,,,,63.0,,20024
2019-03-18,,,,,,,,59.0,,15951
2019-03-19,,,,,,,,64.0,,11048
2019-03-20,,,,,,,,62.0,,11484
2019-03-21,,,,,,,,60.0,,11232
2019-03-22,,,,,,,,61.0,,8792
2019-03-23,,,,,,,,55.0,,12581
2019-03-24,,,,,,,,59.0,,15887
2019-03-25,,,,,,,,61.0,,8716
2019-03-26,,,,,74.4,,,62.0,,21661
2019-03-27,,,,,,,,66.0,,13626
2019-03-28,,,,,,,,66.0,,14126
2019-03-29,,,,,,,,65.0,,21233
2019-03-30,,,,,,,,62.0,,36408
2019-03-31,,,,,,,,54.0,,13756
2019-04-01,,,,,,,,57.0,,15929
2019-04-02,,,,,,,,59.0,,17119
2019-04-03,,,,,,,,61.0,,16654
2019-04-04,,,,,,,,74.0,,13121
2019-04-05,,,,,,,,63.0,,12316
2019-04-06,,,,,,,,60.0,,17153
2019-04-07,,,,,,,,62.0,,21978
2019-04-08,,,,,,,,63.0,,14756
2019-04-09,,,,,,,,63.0,,17409
2019-04-10,,,,,,,,65.0,,15849
2019-04-11,,,,,,,,67.0,,17606
2019-04-12,,,,,,,,68.0,,19549
2019-04-13,,,,,,,,66.0,,19969
2019-04-14,,,,,,,,67.0,,37550
2019-04-15,,,,,,,,70.0,,11123
2019-04-16,,,,,,,,73.0,,15684
2019-04-17,,,,,,,,73.0,,18106
2019-04-18,,,,,,,,67.0,,26655
2019-04-19,,,,,,,,64.0,,28230
2019-04-20,,,,,,,,60.0,,15719
2019-04-21,,,,,,,,63.0,,13257
2019-04-22,,,,,,,,63.0,,12220
2019-04-23,,,,,,,,60.0,,14279
2019-04-24,,,,,,,,66.0,,17543
2019-04-25,,,,,,,,64.0,,14867
2019-04-26,,,,,,,,65.0,,14035
2019-04-27,,,,,,,,61.0,,12325
2019-04-28,,,,,,,,60.0,,10474
2019-04-29,,,,,,,,60.0,,16073
2019-04-30,,,,,,,,59.0,,15963
2019-05-01,,,,,79.2,,,56.0,,13372
2019-05-02,,,,,,,,59.0,,24324
2019-05-03,,,,,,,,60.0,,21061
2019-05-04,,,,,,,,61.0,,11983
2019-05-05,,,,,,,,62.0,,14951
2019-05-06,,,,,77.4,,,60.0,,10433
2019-05-07,,,,,,,,61.0,,15275
2019-05-08,,,,,,,,60.0,,15060
2019-05-09,,,,,76.8,,,58.0,,17105
2019-05-10,,,,,,,,63.0,,22782
2019-05-11,,,,,,,,66.0,,14790
2019-05-12,,,,,,,,60.0,,13076
2019-05-13,,,,,,,,60.0,,19239
2019-05-14,,,,,,,,64.0,,17410
2019-05-15,,,,,,,,64.0,,13234
2019-05-16,,,,,,,,64.0,,16783
2019-05-17,,,,,,,,66.0,,9723
2019-05-18,,,,,,,,57.0,,14384
2019-05-19,,,,,79.2,,,58.0,,15611
2019-05-20,,,,,,,,59.0,,14078
2019-05-21,,,,,,,,58.0,,12195
2019-05-22,,,,,76.8,,,62.0,,11118
2019-05-23,,,,,77.6,,,62.0,,13286
2019-05-24,,,,,,,,59.0,,26393
2019-05-25,,,,,,,,59.0,,19339
2019-05-26,,,,,,,,62.0,,9812
2019-05-27,,,,,,,,61.0,,17115
2019-05-28,,,,,,,,58.0,,10738
2019-05-29,,,,,,,,59.0,,12945
2019-05-30,,,,,,,,60.0,,12851
2019-05-31,,,,,75.6,,,60.0,,17933
2019-06-01,,,,,,,,59.0,,20819
2019-06-02,,,,,77.8,,,59.0,,22408
2019-06-03,,,,,,,,59.0,,4963
2019-06-04,,,,,,,,57.0,,709
2019-06-05,,,,,,,,57.0,,1737
2019-06-06,,,,,,,,57.0,,1137
2019-06-07,,,,,,,,55.0,,816
2019-06-08,,,,,,,,54.0,,1591
2019-06-09,,,,,,,,52.0,,656
2019-06-10,,,,,,,,55.0,,1147
2019-06-11,,,,,,,,54.0,,1251
2019-06-12,,,,,,,,55.0,,2247
2019-06-13,,,,,,,,54.0,,1191
2019-06-14,,,,,,,,58.0,,1763
2019-06-15,,,,,,,,60.0,,2364
2019-06-16,,,,,,,,58.0,,1458
2019-06-17,,,,,,,,56.0,,1188
2019-06-18,,,,,,,,58.0,,2083
2019-06-19,,,,,,,,57.0,,1103
2019-06-20,,,,,,,,59.0,,1893
2019-06-21,,,,,,,,60.0,,1664
2019-06-22,,,,,,,,61.0,,2073
2019-06-23,,,,,,,,61.0,,9395
2019-06-24,,,,,75.0,,,61.0,,7141
2019-06-25,,,,,76.8,,,63.0,,9392
2019-06-26,,,,,74.5,,,63.0,,3569
2019-06-27,,,,,74.8,,,60.0,,15538
2019-06-28,,,,,75.2,,,61.0,,15969
2019-06-29,,,,,,,,63.0,,10659
2019-06-30,,,,,76.0,,,59.0,,10162
2019-07-01,,,,,,,,62.0,,12017
2019-07-02,,,,,,,,59.0,,12566
2019-07-03,,,,,,,,61.0,,12443
2019-07-04,,,,,,,,67.0,,12698
2019-07-05,,,,,76.6,,,63.0,,8430
2019-07-06,,,,,,,,59.0,,12835
2019-07-07,,,,,,,,57.0,,8658
2019-07-08,,,,,75.0,,,63.0,,11866
2019-07-09,,,,,75.4,,,57.0,,11825
2019-07-10,,,,,75.6,,,57.0,,17222
2019-07-11,,,,,75.6,,,59.0,,12264
2019-07-12,,,,,,,,57.0,,12536
2019-07-13,,,,,,,,62.0,,12191
2019-07-14,,,,,,,,60.0,,14276
2019-07-15,,,,,75.2,,,64.0,,12217
2019-07-16,,,,,,,,59.0,,15775
2019-07-17,,,,,,,,60.0,,10696
2019-07-18,,,,,,,,62.0,,12295
2019-07-19,,,,,77.4,,,59.0,,7940
2019-07-20,,,,,,,,59.0,,15394
2019-07-21,,,,,,,,55.0,,15054
2019-07-22,,,,,,,,63.0,,11530
2019-07-23,,,,,76.0,,,59.0,,12232
2019-07-24,,,,,,,,59.0,,12249
2019-07-25,,,,,,,,60.0,,13677
2019-07-26,,,,,,,,67.0,,14339
2019-07-27,,,,,,,,66.0,,18448
2019-07-28,,,,,,,,57.0,,9676
2019-07-29,,,,,76.6,,,59.0,,11037
2019-07-30,,,,,76.4,,,61.0,,11158
2019-07-31,,,,,,,,61.0,,11960
2019-08-01,,,,,,,,60.0,,11780
2019-08-02,,,,,,,,61.0,,11598
2019-08-03,,,,,,,,64.0,,8197
2019-08-04,,,,,78.6,,,60.0,,16744
2019-08-05,,,,,77.2,,,60.0,,11002
2019-08-06,,,,,76.8,,,62.0,,12182
2019-08-07,,,,,,,,62.0,,10455
2019-08-08,,,,,76.8,,,60.0,,15268
2019-08-09,,,,,,,,60.0,,16459
2019-08-10,,,,,,,,63.0,,13776
2019-08-11,,,,,,,,58.0,,8005
2019-08-12,,,,,,,,58.0,,17850
2019-08-13,,,,,,,,57.0,,27294
2019-08-14,,,,,,,,55.0,,29908
2019-08-15,,,,,,,,58.0,,9427
2019-08-16,,,,,77.6,,,57.0,,11869
2019-08-17,,,,,,,,55.0,,6229
2019-08-18,,,,,,,,52.0,,8082
2019-08-19,,,,,,,,63.0,,13497
2019-08-20,,,,,,,,60.0,,9686
2019-08-21,,,,,,,,60.0,,9563
2019-08-22,,,,,76.4,,,59.0,,10352
2019-08-23,,,,,,,,57.0,,8374
2019-08-24,,,,,,,,60.0,,17933
2019-08-25,,,,,,,,57.0,,12931
2019-08-26,,,,,76.4,,,62.0,,11947
2019-08-27,,,,,,,,61.0,,10963
2019-08-28,,,,,,,,59.0,,3018
2019-08-29,,,,,76.2,,,58.0,,13483
2019-08-30,,,,,,,,58.0,,15800
2019-08-31,,,,,,,,60.0,,15100
2019-09-01,,,,,,,,59.0,,11103
2019-09-02,,,,,,,,59.0,,10031
2019-09-03,,,,,76.2,,,60.0,,9320
2019-09-04,,,,,,,,57.0,,15629
2019-09-05,,,,,,,,61.0,,14374
2019-09-06,,,,,,,,57.0,,8446
2019-09-07,,,,,,,,57.0,,11839
2019-09-08,,,,,,,,56.0,,11867
2019-09-09,,,,,,,,59.0,,11186
2019-09-10,,,,,,,,60.0,,12533
2019-09-11,,,,,,,,61.0,,11592
2019-09-12,,,,,,,,57.0,,12147
2019-09-13,,,,,,,,63.0,,11572
2019-09-14,,,,,,,,58.0,,21216
2019-09-15,,,,,,,,58.0,,4550
2019-09-16,,,,,76.6,,,62.0,,11422
2019-09-17,,,,,,,,62.0,,11859
2019-09-18,,,,,,,,61.0,,10399
2019-09-19,,,,,,,,60.0,,11118
2019-09-20,,,,,,,,64.0,,12217
2019-09-21,,,,,,,,62.0,,15644
2019-09-22,,,,,,,,60.0,,12438
2019-09-23,,,,,76.2,,,62.0,,12941
2019-09-24,,,,,,,,59.0,,11608
2019-09-25,,,,,,,,61.0,,18458
2019-09-26,,,,,,,,63.0,,10330
2019-09-27,,,,,,,,63.0,,7072
2019-09-28,,,,,,,,66.0,,30319
2019-09-29,,,,,,,,62.0,,7221
2019-09-30,,,,,76.4,,,67.0,,11564
2019-10-01,,,,,,,,60.0,,17347
2019-10-02,,,,,77.0,,,63.0,,14592
2019-10-03,,,,,76.0,,,62.0,,13100
2019-10-04,,,,,76.0,,,62.0,,9037
2019-10-05,,,,,,,,63.0,,8167
2019-10-06,,,,,,,,59.0,,18012
2019-10-07,,,,,,,,62.0,,11090
2019-10-08,,,,,,,,60.0,,10507
2019-10-09,,,,,,,,61.0,,12170
2019-10-10,,,,,,,,64.0,,7133
2019-10-11,,,,,,,,65.0,,6930
2019-10-12,,,,,,,,64.0,,7789
2019-10-13,,,,,,,,61.0,,13034
2019-10-14,,,,,,,,57.0,,8652
2019-10-15,,,,,,,,61.0,,9008
2019-10-16,,,,,76.2,,,61.0,,14491
2019-10-17,,,,,76.8,,,59.0,,12147
2019-10-18,,,,,77.6,,,61.0,,10659
2019-10-19,,,,,,,,60.0,,22179
2019-10-20,,,,,78.6,,,65.0,,28057
2019-10-21,,,,,,,,61.0,,14595
2019-10-22,,,,,,,,60.0,,22052
2019-10-23,,,,,76.8,,,60.0,,12158
2019-10-24,,,,,76.8,,,61.0,,11712
2019-10-25,,,,,,,,62.0,,5638
2019-10-26,,,,,,,,60.0,,12513
2019-10-27,,,,,,,,59.0,,16847
2019-10-28,,,,,77.4,,,63.0,,16297
2019-10-29,,,,,,,,63.0,,12790
2019-10-30,,,,,77.2,,,60.0,,11657
2019-10-31,,,,,,,,61.0,,14069
2019-11-01,,,,,,,,66.0,,8464
2019-11-02,,,,,,,,64.0,,15808
2019-11-03,,,,,,,,65.0,,20969
2019-11-04,,,,,,,,62.0,,19353
2019-11-05,,,,,77.6,,,58.0,,8270
2019-11-06,,,,,,,,54.0,,1530
2019-11-07,,,,,,,,56.0,,1399
2019-11-08,,,,,,,,53.0,,2297
2019-11-09,,,,,,,,53.0,,1846
2019-11-10,,,,,,,,57.0,,1361
2019-11-11,,,,,,,,58.0,,2168
2019-11-12,,,,,,,,56.0,,2074
2019-11-13,,,,,,,,55.0,,1426
2019-11-14,,,,,,,,60.0,,1560
2019-11-15,,,,,,,,56.0,,929
2019-11-16,,,,,75.0,,,55.0,,15330
2019-11-17,,,,,75.1,,,59.0,,10514
2019-11-18,,,,,74.9,,,60.0,,5936
2019-11-19,,,,,75.4,,,60.0,,11078
2019-11-20,,,,,76.2,,,60.0,,4543
2019-11-21,,,,,,,,58.0,,16237
2019-11-22,,,,,,,,63.0,,7731
2019-11-23,,,,,,,,63.0,,11529
2019-11-24,,,,,,,,64.0,,17338
2019-11-25,,,,,76.0,,,67.0,,11989
2019-11-26,,,,,,,,62.0,,10915
2019-11-27,,,,,,,,67.0,,11600
2019-11-28,,,,,,,,65.0,,10466
2019-11-29,,,,,,,,66.0,,10939
2019-11-30,,,,,,,,62.0,,14572
2019-12-01,,,,,,,,64.0,,17289
2019-12-02,,,,,,,,64.0,,3309
2019-12-03,,,,,,,,62.0,,11503
2019-12-04,,,,,,,,63.0,,15065
2019-12-05,,,,,,,,66.0,,4500
2019-12-06,,,,,,,,65.0,,6852
2019-12-07,,,,,,,,60.0,,15276
2019-12-08,,,,,,,,61.0,,15147
2019-12-09,,,,,,,,64.0,,18221
2019-12-10,,,,,,,,61.0,,17990
2019-12-11,,,,,,,,62.0,,16929
2019-12-12,,,,,77.3,,,63.0,,15088
2019-12-13,,,,,,,,65.0,,7662
2019-12-14,,,,,,,,63.0,,16297
2019-12-15,,,,,,,,60.0,,10624
2019-12-16,,,,,,,,63.0,,14804
2019-12-17,,,,,,,,64.0,,3229
2019-12-18,,,,,77.7,,,61.0,,13892
2019-12-19,,,,,77.0,,,64.0,,12139
2019-12-20,,,,,,,,65.0,,4533
2019-12-21,,,,,,,,58.0,,19069
2019-12-22,,,,,,,,59.0,,6890
2019-12-23,,,,,,,,63.0,,16387
2019-12-24,,,,,,,,64.0,,7822
2019-12-25,,,,,,,,61.0,,21628
2019-12-26,,,,,,,,68.0,,19515
2019-12-27,,,,,,,,62.0,,21696
2019-12-28,,,,,79.7,,,62.0,,12663
2019-12-29,,,,,,,,61.0,,17391
2019-12-30,,,,,,,,57.0,,3575
2019-12-31,,,,,,,,61.0,,6650
2020-01-01,,,,,,,,60.0,,6273
2020-01-02,,,,,,,,60.0,,7937
2020-01-03,,,,,,,,62.0,,19134
2020-01-04,,,,,,,,61.0,,17343
2020-01-05,,,,,81.0,,,60.0,,12970
2020-01-06,,,,,,,,64.0,,11068
2020-01-07,,,,,79.6,,,63.0,,8600
2020-01-08,,,,,,,,69.0,,13305
2020-01-09,,,,,,,,66.0,,12027
2020-01-10,,,,,,,,66.0,,4842
2020-01-11,,,,,,,,68.0,,11576
2020-01-12,,,,,,,,67.0,,15418
2020-01-13,,,,,81.2,,,62.0,,20389
2020-01-14,,,,,79.9,,,63.0,,8314
2020-01-15,,,,,,,,70.0,,10723
2020-01-16,,,,,,,,68.0,,11733
2020-01-17,,,,,,,,65.0,,6549
2020-01-18,,,,,,,,67.0,,15938
2020-01-19,,,,,,,,66.0,,16514
2020-01-20,,,,,,,,64.0,,18733
2020-01-21,,,,,,,,65.0,,10755
2020-01-22,,,,,,,,67.0,,11759
2020-01-23,,,,,,,,64.0,,3132
2020-01-24,,,,,,,,64.0,,4361
2020-01-25,,,,,,,,66.0,,25151
2020-01-26,,,,,,,,56.0,,29130
2020-01-27,,,,,79.9,,,63.0,,12396
2020-01-28,,,,,,,,64.0,,5489
2020-01-29,,,,,,,,70.0,,13903
2020-01-30,,,,,,,,65.0,,11708
2020-01-31,,,,,,,,62.0,,16259
2020-02-01,,,,,,,,70.0,,18287
2020-02-02,,,,,83.0,,,72.0,,17986
2020-02-03,,,,,82.0,,,64.0,,6490
2020-02-04,,,,,,,,62.0,,326
2020-02-05,,,,,,,,56.0,,390
2020-02-06,,,,,,,,58.0,,733
2020-02-07,,,,,,,,57.0,,941
2020-02-08,,,,,,,,52.0,,636
2020-02-09,,,,,,,,49.0,,428
2020-02-10,,,,,75.5,,,49.0,,1555
2020-02-11,,,,,,,,54.0,,873
2020-02-12,,,,,75.5,,,54.0,,1076
2020-02-13,,,,,,,,53.0,,1092
2020-02-14,,,,,,,,56.0,,932
2020-02-15,,,,,,,,55.0,,1217
2020-02-16,,,,,,,,57.0,,873
2020-02-17,,,,,74.5,,,57.0,,760
2020-02-18,,,,,,,,57.0,,2256
2020-02-19,,,,,75.8,,,60.0,,1903
2020-02-20,,,,,,,,57.0,,1416
2020-02-21,,,,,,,,54.0,,2086
2020-02-22,,,,,,,,60.0,,821
2020-02-23,,,,,,,,59.0,,1165
2020-02-24,,,,,,,,56.0,,1058
2020-02-25,,,,,,,,58.0,,1657
2020-02-26,,,,,76.0,,,58.0,,1347
2020-02-27,,,,,,,,55.0,,1515
2020-02-28,,,,,,,,55.0,,2045
2020-02-29,,,,,,,,59.0,,1314
2020-03-01,,,,,75.8,,,57.0,,12862
2020-03-02,,,,,76.2,,,59.0,,12304
2020-03-03,,,,,76.4,,,60.0,,6815
2020-03-04,,,,,76.1,,,59.0,,4634
2020-03-05,,,,,76.9,,,59.0,,4227
2020-03-06,,,,,,,,59.0,,7531
2020-03-07,,,,,,,,59.0,,6092
2020-03-08,,,,,76.9,,,57.0,,2424
2020-03-09,,,,,76.0,,,71.0,,9681
2020-03-10,,,,,77.2,,,60.0,,2414
2020-03-11,,,,,,,,60.0,,1836
2020-03-12,,,,,75.8,,,63.0,,12058
2020-03-13,,,,,,,,62.0,,5710
2020-03-14,,,,,,,,62.0,,12924
2020-03-15,,,,,,,,61.0,,10112
2020-03-16,,,,,,,,57.0,,2010
2020-03-17,,,,,,,,69.0,,13546
2020-03-18,,,,,,,,62.0,,2590
2020-03-19,,,,,,,,63.0,,15458
2020-03-20,,,,,,,,62.0,,8276
2020-03-21,,,,,,,,61.0,,10910
2020-03-22,,,,,77.6,,,62.0,,9553
2020-03-23,,,,,,,,60.0,,5405
2020-03-24,,,,,77.6,,,63.0,,10823
2020-03-25,,,,,,,,62.0,,1754
2020-03-26,,,,,,,,62.0,,12262
2020-03-27,,,,,,,,62.0,,6662
2020-03-28,,,,,,,,62.0,,9456
2020-03-29,,,,,,,,60.0,,4456
2020-03-30,,,,,,,,61.0,,2138
2020-03-31,,,,,,,,58.0,,13215
2020-04-01,,,,,,,,61.0,,2461
2020-04-02,,,,,,,,61.0,,11475
2020-04-03,,,,,,,,61.0,,13937
2020-04-04,,,,,,,,65.0,,10371
2020-04-05,,,,,,,,58.0,,17907
2020-04-06,,,,,,,,57.0,,3499
2020-04-07,,,,,77.4,,,65.0,,10706
2020-04-08,,,,,,,,63.0,,7230
2020-04-09,,,,,,,,61.0,,12353
2020-04-10,,,,,,,,61.0,,12336
2020-04-11,,,,,,,,64.0,,20285
2020-04-12,,,,,,,,56.0,,17793
2020-04-13,,,,,,,,60.0,,15406
2020-04-14,,,,,,,,62.0,,8342
2020-04-15,,,,,,,,65.0,,2640
2020-04-16,,,,,78.6,,,60.0,,2152
2020-04-17,,,,,,,,65.0,,8064
2020-04-18,,,,,,,,63.0,,6975
2020-04-19,,,,,,,,58.0,,13587
2020-04-20,,,,,,,,61.0,,1989
2020-04-21,,,,,,,,62.0,,7758
2020-04-22,,,,,,,,62.0,,2587
2020-04-23,,,,,,,,62.0,,3062
2020-04-24,,,,,,,,61.0,,11839
2020-04-25,,,,,,,,58.0,,5452
2020-04-26,,,,,,,,60.0,,7683
2020-04-27,,,,,,,,63.0,,2473
2020-04-28,,,,,,,,61.0,,9500
2020-04-29,,,,,,,,65.0,,2106
2020-04-30,,,,,,,,62.0,,9877
2020-05-01,,,,,,,,63.0,,7982
2020-05-02,,,,,,,,68.0,,8427
2020-05-03,,,,,,,,65.0,,8763
2020-05-04,,,,,,,,61.0,,3595
2020-05-05,,,,,80.0,,,65.0,,10848
2020-05-06,,,,,,,,65.0,,16168
2020-05-07,,,,,,,,61.0,,5409
2020-05-08,,,,,,,,58.0,,12753
2020-05-09,,,,,,,,61.0,,9617
2020-05-10,,,,,,,,57.0,,19820
2020-05-11,,,,,,,,65.0,,2028
2020-05-12,,,,,,,,65.0,,9260
2020-05-13,,,,,,,,67.0,,5738
2020-05-14,,,,,,,,60.0,,3112
2020-05-15,,,,,,,,59.0,,6875
2020-05-16,,,,,,,,63.0,,14225
2020-05-17,,,,,,,,57.0,,5123
2020-05-18,,,,,,,,59.0,,3450
2020-05-19,,,,,,,,60.0,,17001
2020-05-20,,,,,,,,63.0,,5238
2020-05-21,,,,,,,,61.0,,2701
2020-05-22,,,,,79.3,,,58.0,,9298
2020-05-23,,,,,80.4,,,64.0,,9251
2020-05-24,,,,,,,,61.0,,8018
2020-05-25,,,,,80.5,,,59.0,,2488
2020-05-26,,,,,79.7,,,60.0,,8572
2020-05-27,,,,,80.0,,,63.0,,4019
2020-05-28,,,,,79.9,,,60.0,,2971
2020-05-29,,,,,,,,58.0,,14181
2020-05-30,,,,,,,,62.0,,13655
2020-05-31,,,,,,,,61.0,,10076
2020-06-01,,,,,,,,69.0,,2132
2020-06-02,,,,,,,,66.0,,16103
2020-06-03,,,,,,,,67.0,,2898
2020-06-04,,,,,,,,61.0,,2914
2020-06-05,,,,,,,,63.0,,14116
2020-06-06,,,,,,,,64.0,,13808
2020-06-07,,,,,,,,59.0,,14598
2020-06-08,,,,,,,,67.0,,2260
2020-06-09,,,,,,,,65.0,,3179
2020-06-10,,,,,,,,67.0,,3933
2020-06-11,,,,,,,,62.0,,2942
2020-06-12,,,,,,,,61.0,,12402
2020-06-13,,,,,,,,66.0,,6057
2020-06-14,,,,,,,,61.0,,6840
2020-06-15,,,,,,,,64.0,,7713
2020-06-16,,,,,,,,60.0,,8657
2020-06-17,,,,,,,,64.0,,19092
2020-06-18,,,,,,,,63.0,,2907
2020-06-19,,,,,,,,61.0,,11836
2020-06-20,,,,,,,,62.0,,9152
2020-06-21,,,,,,,,61.0,,10807
2020-06-22,,,,,,,,63.0,,2708
2020-06-23,,,,,,,,60.0,,18772
2020-06-24,,,,,,,,66.0,,12569
2020-06-25,,,,,,,,62.0,,11910
2020-06-26,,,,,,,,61.0,,16672
2020-06-27,,,,,,,,62.0,,8512
2020-06-28,,,,,,,,61.0,,6350
2020-06-29,,,,,,,,67.0,,3042
2020-06-30,,,,,,,,61.0,,8973
2020-07-01,,,,,,,,65.0,,2982
2020-07-02,,,,,,,,59.0,,2459
2020-07-03,,,,,83.0,,,61.0,,8588
2020-07-04,,,,,83.8,,,61.0,,11255
2020-07-05,,,,,,,,60.0,,7560
2020-07-06,,,,,83.4,,,70.0,,1989
2020-07-07,,,,,,,,61.0,,7682
2020-07-08,,,,,83.4,,,65.0,,2221
2020-07-09,,,,,,,,59.0,,7938
2020-07-10,,,,,,,,58.0,,15036
2020-07-11,,,,,83.6,,,59.0,,16517
2020-07-12,,,,,84.4,,,64.0,,11543
2020-07-13,,,,,,,,58.0,,2925
2020-07-14,,,,,,,,60.0,,463
2020-07-15,,,,,,,,54.0,,355
2020-07-16,,,,,,,,49.0,,609
2020-07-17,,,,,,,,50.0,,725
2020-07-18,,,,,,,,55.0,,571
2020-07-19,,,,,,,,46.0,,965
2020-07-20,,,,,,,,47.0,,517
2020-07-21,,,,,,,,54.0,,988
2020-07-22,,,,,77.8,,,52.0,,734
2020-07-23,,,,,77.7,,,54.0,,1388
2020-07-24,,,,,,,,54.0,,1112
2020-07-25,,,,,,,,60.0,,1074
2020-07-26,,,,,,,,57.0,,1025
2020-07-27,,,,,,,,54.0,,4108
2020-07-28,,,,,,,,57.0,,1744
2020-07-29,,,,,79.5,,,56.0,,1968
2020-07-30,,,,,,,,60.0,,2000
2020-07-31,,,,,,,,59.0,,1635
2020-08-01,,,,,78.9,,,61.0,,3981
2020-08-02,,,,,,,,58.0,,963
2020-08-03,,,,,,,,55.0,,1327
2020-08-04,,,,,,,,57.0,,4062
2020-08-05,,,,,,,,57.0,,1847
2020-08-06,,,,,,,,58.0,,1088
2020-08-07,,,,,,,,56.0,,1880
2020-08-08,,,,,,,,59.0,,3344
2020-08-09,127.0,127.0,91.0,91.0,,,,60.0,,917
2020-08-10,138.0,138.0,98.0,98.0,,,,53.0,,1017
2020-08-11,123.0,123.0,86.0,86.0,,,,53.0,,1332
2020-08-12,127.0,127.0,93.0,93.0,79.1,,,57.0,,4920
2020-08-13,,,,,,,,58.0,,859
2020-08-14,,,,,,,,55.0,,821
2020-08-15,135.9,136.0,98.7,99.0,,,,63.0,,2361
2020-08-16,118.0,118.0,88.0,88.0,,,,54.0,,1358
2020-08-17,125.0,125.0,83.0,83.0,,,,51.0,,2805
2020-08-18,139.0,139.0,109.0,109.0,,,,54.0,,1291
2020-08-19,123.0,123.0,93.0,93.0,,,,52.0,,1619
2020-08-20,,,,,,,,52.0,,689
2020-08-21,,,,,,,,51.0,,327
2020-08-22,122.0,122.0,103.0,103.0,,,,54.0,,320
2020-08-23,,,,,,,,47.0,,743
2020-08-24,129.0,129.0,101.0,101.0,77.0,,,59.0,,2647
2020-08-25,,,,,,,,53.0,,1032
2020-08-26,,,,,,,,56.0,,2162
2020-08-27,133.0,133.0,98.0,98.0,,,,53.0,,1561
2020-08-28,,,,,,,,59.0,,3291
2020-08-29,,,,,,,,57.0,,1189
2020-08-30,129.0,129.0,83.0,83.0,,,,62.0,,1562
2020-08-31,,,,,,,,63.0,,1204
2020-09-01,,,,,,,,67.0,,18682
2020-09-02,130.5,131.0,95.0,97.0,,,,57.0,,1928
2020-09-03,,,,,,,,57.0,,1780
2020-09-04,129.0,129.0,83.0,83.0,,,,59.0,,1349
2020-09-05,133.0,133.0,92.0,92.0,,,,66.0,,2639
2020-09-06,134.0,134.0,86.0,86.0,78.6,,,80.0,,4192
2020-09-07,,,,,77.6,,,81.0,,2703
2020-09-08,,,,,78.0,,,85.0,,3228
2020-09-09,,,,,77.4,,,90.0,,3965
2020-09-10,,,,,,,,86.0,,2454
2020-09-11,,,,,77.8,,,75.0,,11037
2020-09-12,,,,,77.6,,,76.0,,11434
2020-09-13,,,,,77.4,,,69.0,,4577
2020-09-14,,,,,77.4,,,81.0,,3623
2020-09-15,,,,,,,,86.0,,2224
2020-09-16,,,,,77.4,,,80.0,,2397
2020-09-17,,,,,77.4,,,79.0,,2282
2020-09-18,,,,,77.0,,,81.0,,9733
2020-09-19,,,,,76.6,,,81.0,,7266
2020-09-20,,,,,77.2,,,75.0,,5486
2020-09-21,,,,,77.2,,,83.0,,2714
2020-09-22,,,,,76.8,,,80.0,,1908
2020-09-23,,,,,76.6,,,83.0,,7559
2020-09-24,,,,,76.2,,,81.0,,15910
2020-09-25,,,,,76.8,,,64.0,,22854
2020-09-26,,,,,76.6,,,67.0,,7934
2020-09-27,,,,,76.4,,,70.0,94.3,6646
2020-09-28,,,,,76.6,,,84.0,96.1,3448
2020-09-29,,,,,76.4,,,83.0,93.0,2949
2020-09-30,,,,,76.6,,,79.0,95.3,3089
2020-10-01,,,,,76.6,,,73.0,97.6,3226
2020-10-02,,,,,75.8,,,91.0,97.9,8921
2020-10-03,,,,,76.2,,,84.0,96.9,5933
2020-10-04,,,,,77.2,,,75.0,94.2,3780
2020-10-05,,,,,75.6,,,70.0,95.7,1956
2020-10-06,,,,,76.8,,,75.0,97.3,2516
2020-10-07,,,,,76.2,,,90.0,96.2,2457
2020-10-08,,,,,76.2,,,84.0,95.6,2419
2020-10-09,,,,,75.6,,,80.0,96.8,11459
2020-10-10,,,,,76.8,,,71.0,96.9,10403
2020-10-11,,,,,76.6,,,69.0,96.9,9216
2020-10-12,,,,,76.0,,,92.0,95.1,2404
2020-10-13,,,,,76.4,,,73.0,97.3,2130
2020-10-14,,,,,75.6,,,94.0,96.5,2974
2020-10-15,,,,,76.0,,,91.5,96.5,2350
2020-10-16,,,,,75.6,,,89.0,95.0,9100
2020-10-17,,,,,,,,71.0,96.5,10439
2020-10-18,,,,,75.5,,,80.0,95.7,13580
2020-10-19,,,,,74.8,,,72.0,97.9,2234
2020-10-20,,,,,75.9,,,80.0,97.2,2631
2020-10-21,,,,,74.8,,,80.0,96.4,2986
2020-10-22,,,,,74.9,,,79.0,96.3,3869
2020-10-23,,,,,73.2,,,68.0,97.8,11066
2020-10-24,,,,,74.9,,,73.0,97.4,9665
2020-10-25,,,,,74.8,,,68.0,94.1,9458
2020-10-26,,,,,74.4,,,93.0,98.1,3851
2020-10-27,,,,,75.6,,,84.0,95.0,2290
2020-10-28,,,,,74.6,,,84.0,97.5,3339
2020-10-29,,,,,74.8,,,88.0,96.9,3211
2020-10-30,,,,,73.6,,,83.0,97.9,5033
2020-10-31,,,,,74.6,,,74.0,97.1,14824
2020-11-01,,,,,74.6,,,73.0,95.7,9235
2020-11-02,,,,,74.2,,,85.0,97.2,3063
2020-11-03,,,,,73.5,,,96.0,97.5,2831
2020-11-04,,,,,73.3,,,90.0,97.3,3464
2020-11-05,,,,,72.7,,,91.0,96.3,2798
2020-11-06,,,,,73.1,,,74.0,96.0,13525
2020-11-07,,,,,73.5,,,74.0,97.5,19126
2020-11-08,,,,,74.1,,,73.0,98.0,6829
2020-11-09,,,,,72.3,,,91.0,97.7,14134
2020-11-10,,,,,,,,84.0,98.1,4277
2020-11-11,,,,,73.0,,,90.0,98.0,3903
2020-11-12,,,,,73.3,,,93.0,97.6,3008
2020-11-13,,,,,73.1,,,100.0,96.1,8359
2020-11-14,,,,,73.6,,,80.0,95.1,16121
2020-11-15,,,,,72.3,,,84.0,96.8,7702
2020-11-16,,,,,73.0,,,90.0,95.6,4221
2020-11-17,,,,,72.3,,,91.0,94.8,4405
2020-11-18,,,,,72.2,,,84.0,94.2,4307
2020-11-19,,,,,71.8,,,93.0,97.3,4395
2020-11-20,,,,,72.0,,,90.0,92.2,4459
2020-11-21,,,,,72.9,,,73.0,96.1,15262
2020-11-22,,,,,72.1,,,83.0,97.2,7011
2020-11-23,,,,,71.4,,,85.0,93.5,6763
2020-11-24,,,,,71.6,,,88.0,94.3,3417
2020-11-25,,,,,71.5,,,84.0,97.0,4231
2020-11-26,,,,,71.4,,,84.0,97.9,8419
2020-11-27,,,,,71.8,,,81.0,97.4,13875
2020-11-28,,,,,71.5,,,67.0,96.2,17393
2020-11-29,,,,,72.2,,,74.0,96.1,11673
2020-11-30,,,,,72.0,,,76.0,96.1,3901
2020-12-01,,,,,71.4,,,79.0,97.3,4556
2020-12-02,,,,,70.7,,,85.0,96.3,3555
2020-12-03,,,,,71.2,,,83.0,97.5,2928
2020-12-04,,,,,,,,88.0,96.9,10948
2020-12-05,,,,,72.1,,,76.0,95.2,14747
2020-12-06,,,,,72.5,,,72.0,97.4,9300
2020-12-07,,,,,72.7,,,73.0,95.8,2950
2020-12-08,,,,,71.8,,,82.0,98.4,2681
2020-12-09,,,,,,,,90.0,96.8,2390
2020-12-10,,,,,71.3,,,90.0,97.1,2611
2020-12-11,,,,,,,,84.0,97.9,10625
2020-12-12,,,,,72.2,,,84.0,96.6,15173
2020-12-13,,,,,72.1,,,86.0,95.9,20769
2020-12-14,,,,,71.2,,,81.0,97.4,2974
2020-12-15,,,,,71.5,,,80.0,97.1,3097
2020-12-16,,,,,71.4,,,75.0,98.0,4603
2020-12-17,,,,,,,,93.0,96.8,4197
2020-12-18,,,,,,,,90.0,97.6,11259
2020-12-19,,,,,72.4,,,84.0,96.3,17290
2020-12-20,,,,,72.6,,,84.0,96.1,25282
2020-12-21,,,,,71.9,,,90.0,97.4,4388
2020-12-22,,,,,72.2,,,91.0,95.8,7491
2020-12-23,,,,,72.0,,,95.0,96.9,6605
2020-12-24,,,,,70.4,,,98.0,97.9,17425
2020-12-25,,,,,71.6,,,84.0,96.6,15625
2020-12-26,,,,,72.6,,,91.0,96.4,16651
2020-12-27,,,,,72.9,,,83.0,96.5,13513
2020-12-28,,,,,73.1,,,80.0,97.2,26711
2020-12-29,,,,,73.6,,,67.0,97.0,23823
2020-12-30,,,,,72.3,,,76.0,96.6,26569
2020-12-31,,,,,72.8,,,72.0,96.6,22174
2021-01-01,,,,,73.9,,,84.0,96.7,21491
2021-01-02,146.0,146.0,97.0,97.0,74.3,,,83.0,97.4,24521
2021-01-03,145.0,145.0,88.0,88.0,73.8,,,79.0,94.5,24404
2021-01-04,147.0,147.0,100.0,100.0,73.9,,,72.0,97.6,26333
2021-01-05,157.0,157.0,107.0,107.0,73.4,,,80.0,97.2,9366
2021-01-06,146.0,146.0,105.0,105.0,73.4,,,85.0,96.9,3583
2021-01-07,146.0,146.0,93.0,93.0,72.3,,,84.0,98.3,3649
2021-01-08,162.0,162.0,112.0,112.0,72.8,,,88.0,97.1,14264
2021-01-09,141.0,141.0,102.0,102.0,73.0,,,84.0,96.5,20127
2021-01-10,153.0,153.0,98.0,98.0,73.1,,,78.0,96.8,38568
2021-01-11,166.0,166.0,103.0,103.0,73.0,,,84.0,97.6,3196
2021-01-12,153.0,153.0,112.0,112.0,73.2,,,91.0,96.8,2991
2021-01-13,163.0,163.0,111.0,111.0,73.2,,,90.0,96.9,3362
2021-01-14,158.0,158.0,114.0,114.0,73.2,,,94.0,97.3,2781
2021-01-15,144.0,144.0,107.0,107.0,73.1,,,85.0,98.2,13997
2021-01-16,168.0,168.0,114.0,114.0,74.1,,,90.0,97.2,15504
2021-01-17,153.0,153.0,95.0,95.0,73.5,,,93.0,95.4,18853
2021-01-18,143.0,143.0,109.0,109.0,73.5,,,82.0,96.6,14321
2021-01-19,162.0,162.0,115.0,115.0,73.9,,,90.0,97.9,2672
2021-01-20,161.0,161.0,112.0,112.0,73.4,,,85.0,97.8,2331
2021-01-21,145.0,145.0,105.0,105.0,74.0,,,92.0,97.4,2780
2021-01-22,162.0,162.0,109.0,109.0,73.5,,,80.0,97.4,9781
2021-01-23,153.0,153.0,112.0,112.0,75.1,,,93.0,96.4,12405
2021-01-24,147.0,147.0,112.0,112.0,74.2,,,85.0,96.9,10347
2021-01-25,163.0,163.0,106.0,106.0,74.0,,,73.0,96.4,3481
2021-01-26,165.0,165.0,112.0,112.0,74.3,,,90.0,96.6,2729
2021-01-27,165.0,165.0,109.0,109.0,74.6,,,88.0,96.0,3399
2021-01-28,150.0,150.0,101.0,101.0,75.0,,,80.0,97.6,2002
2021-01-29,167.0,167.0,111.0,111.0,74.9,,,93.0,98.2,25533
2021-01-30,139.0,139.0,96.0,96.0,75.6,,,84.0,97.4,18039
2021-01-31,150.0,150.0,106.0,106.0,75.7,,,91.0,96.1,26382
2021-02-01,155.0,155.0,110.0,110.0,75.3,,,93.0,97.8,2901
2021-02-02,154.0,154.0,104.0,104.0,74.1,,,93.0,97.9,17679
2021-02-03,163.0,163.0,108.0,108.0,75.2,,,90.0,96.7,2153
2021-02-04,150.0,150.0,93.0,93.0,74.1,,,94.0,98.3,2239
2021-02-05,165.0,165.0,118.0,118.0,75.2,,,84.0,97.6,16130
2021-02-06,157.0,157.0,102.0,102.0,76.1,,,90.0,96.1,15765
2021-02-07,151.0,151.0,99.0,99.0,76.7,,,87.0,97.1,26615
2021-02-08,165.0,165.0,113.0,113.0,75.9,,,91.0,98.0,3860
2021-02-09,147.0,147.0,116.0,116.0,75.6,,,89.0,97.2,3017
2021-02-10,174.0,174.0,128.0,128.0,76.3,,,84.0,96.9,2858
2021-02-11,162.0,162.0,118.0,118.0,75.5,,,84.0,97.5,3549
2021-02-12,151.0,151.0,108.0,108.0,76.2,,,84.0,97.3,12089
2021-02-13,138.0,138.0,98.0,98.0,77.5,,,90.0,97.6,16888
2021-02-14,154.0,154.0,116.0,116.0,77.5,,,84.0,98.2,19384
2021-02-15,153.0,153.0,118.0,118.0,75.7,,,80.0,97.4,2780
2021-02-16,157.0,157.0,108.0,108.0,76.6,,,74.0,98.7,2316
2021-02-17,144.0,144.0,107.0,107.0,76.9,,,84.0,97.4,2685
2021-02-18,164.0,164.0,128.0,128.0,76.2,,,91.0,97.8,2686
2021-02-19,171.0,171.0,115.0,115.0,76.7,,,83.0,97.7,14391
2021-02-20,150.0,150.0,93.0,93.0,77.5,,,94.0,98.7,16661
2021-02-21,146.0,146.0,104.0,104.0,77.4,,,92.0,97.6,12025
2021-02-22,139.5,140.0,92.5,96.0,77.4,,,84.0,96.9,3470
2021-02-23,142.0,142.0,97.0,97.0,76.7,,,72.0,96.4,5001
2021-02-24,146.0,146.0,101.0,101.0,77.0,,,90.0,98.8,3732
2021-02-25,155.0,155.0,103.0,103.0,76.5,,,90.0,97.6,2840
2021-02-26,158.0,158.0,107.0,107.0,76.4,,,84.0,97.5,13551
2021-02-27,139.5,141.0,102.0,109.0,77.3,,,93.0,96.1,17705
2021-02-28,144.0,144.0,93.0,93.0,77.6,,,89.0,96.7,17362
2021-03-01,156.0,156.0,109.0,109.0,77.1,,,88.0,97.4,3345
2021-03-02,139.0,139.0,108.0,108.0,77.6,,,80.0,97.2,3972
2021-03-03,146.0,146.0,113.0,113.0,77.1,,,73.0,97.1,2427
2021-03-04,136.0,136.0,92.0,92.0,77.5,,,91.0,97.5,2579
2021-03-05,150.0,150.0,96.0,96.0,77.8,,,85.0,97.0,7250
2021-03-06,156.0,156.0,89.0,89.0,79.1,,,89.0,97.1,17033
2021-03-07,147.0,147.0,97.0,97.0,79.2,,,84.0,96.1,20724
2021-03-08,161.0,161.0,105.0,105.0,78.2,,,79.0,98.6,4189
2021-03-09,152.0,155.0,108.0,112.0,78.3,,,94.0,97.6,4040
2021-03-10,159.0,159.0,99.0,99.0,78.1,,,98.0,97.1,7386
2021-03-11,132.0,132.0,98.0,98.0,78.7,,,94.0,98.2,3089
2021-03-12,139.0,139.0,93.0,93.0,77.5,,,90.0,98.0,9082
2021-03-13,129.0,129.0,83.0,83.0,79.0,,,84.0,97.9,16841
2021-03-14,144.0,144.0,97.0,97.0,79.5,,,85.0,97.0,13056
2021-03-15,128.0,128.0,94.0,94.0,78.8,,,85.0,97.4,3432
2021-03-16,145.0,145.0,96.0,96.0,78.9,,,97.0,97.7,4435
2021-03-17,148.0,148.0,106.0,106.0,79.2,,,93.0,98.2,2509
2021-03-18,142.0,142.0,99.0,99.0,79.3,,,84.0,98.0,2196
2021-03-19,137.0,142.0,91.0,96.0,79.1,,,84.0,96.9,11820
2021-03-20,128.0,128.0,75.0,75.0,80.1,,,85.0,97.2,10872
2021-03-21,138.5,144.0,96.0,98.0,80.7,,,84.0,96.2,11060
2021-03-22,134.0,134.0,102.0,102.0,80.5,,,84.0,95.8,2987
2021-03-23,141.0,141.0,106.0,106.0,80.1,,,84.0,96.9,2649
2021-03-24,149.0,157.0,103.0,106.0,80.5,,,84.0,98.0,2217
2021-03-25,154.0,154.0,103.0,103.0,80.9,,,84.0,97.6,7695
2021-03-26,146.0,146.0,101.0,101.0,80.4,,,84.0,98.4,11907
2021-03-27,138.0,138.0,96.0,96.0,81.2,,,84.0,96.8,14715
2021-03-28,123.0,123.0,76.0,76.0,81.1,,,90.0,94.9,8923
2021-03-29,138.0,142.0,85.5,88.0,80.4,,,84.0,96.8,3533
2021-03-30,130.0,130.0,91.0,91.0,79.9,,,84.0,98.8,10113
2021-03-31,130.0,130.0,94.0,94.0,80.1,,,89.0,97.2,2212
2021-04-01,131.0,131.0,94.0,94.0,79.3,,,91.0,97.6,6641
2021-04-02,139.0,139.0,89.0,89.0,78.9,,,80.0,96.4,15370
2021-04-03,132.0,132.0,92.0,92.0,80.5,,,73.0,95.5,25949
2021-04-04,123.0,123.0,78.0,78.0,80.1,,,72.0,96.9,5982
2021-04-05,138.0,138.0,93.0,93.0,79.7,,,80.0,94.0,8637
2021-04-06,151.0,151.0,104.0,104.0,79.9,,,90.0,98.1,2094
2021-04-07,142.0,142.0,94.0,94.0,79.8,,,84.0,95.9,2499
2021-04-08,132.0,132.0,92.0,92.0,80.0,,,89.0,95.6,3056
2021-04-09,147.0,147.0,104.0,104.0,79.2,,,84.0,96.1,12444
2021-04-10,127.0,127.0,85.0,85.0,80.9,,,74.0,97.0,8654
2021-04-11,127.0,127.0,81.0,81.0,80.2,,,72.0,93.6,10850
2021-04-12,136.0,136.0,97.0,97.0,79.8,,,89.0,95.8,3374
2021-04-13,144.0,144.0,100.0,100.0,80.0,,,94.0,97.1,2389
2021-04-14,,,,,80.1,,,91.0,97.0,2242
2021-04-15,131.0,131.0,101.0,101.0,80.8,,,93.0,98.9,2226
2021-04-16,135.0,135.0,90.0,90.0,80.2,,,84.0,97.4,11674
2021-04-17,127.0,127.0,87.0,87.0,80.6,,,73.0,96.9,5594
2021-04-18,130.0,130.0,85.0,85.0,80.9,,,80.0,98.0,17362
2021-04-19,125.0,125.0,85.0,85.0,80.3,,,84.0,97.7,2788
2021-04-20,128.0,128.0,87.0,87.0,80.6,,,93.0,97.9,1992
2021-04-21,131.0,131.0,89.0,89.0,80.2,,,88.0,95.6,2107
2021-04-22,128.0,128.0,96.0,96.0,80.2,,,80.0,97.1,2278
2021-04-23,119.0,119.0,87.0,87.0,79.9,,,79.0,94.0,12608
2021-04-24,126.0,126.0,85.0,85.0,80.3,,,88.0,94.7,7099
2021-04-25,125.0,125.0,74.0,74.0,81.0,,,73.0,95.9,9068
2021-04-26,153.0,153.0,87.0,87.0,,,,80.0,94.0,4470
2021-04-27,136.5,143.0,92.5,97.0,,,,73.0,92.5,373
2021-04-28,123.2,134.0,85.8,94.0,,,,67.0,95.5,448
2021-04-29,107.0,112.0,72.5,75.0,,,,63.0,95.4,968
2021-04-30,131.0,131.0,72.0,72.0,,,,64.0,95.4,273
2021-05-01,128.0,128.0,68.0,68.0,,,,70.0,96.5,196
2021-05-02,141.0,152.0,85.0,88.0,,,,69.0,95.4,255
2021-05-03,142.5,153.0,95.5,101.0,,,,66.0,95.5,328
2021-05-04,,,,,,,,68.0,95.3,436
2021-05-05,135.0,135.0,100.0,100.0,,,,68.0,97.2,495
2021-05-06,130.0,130.0,88.0,90.0,,,,67.0,95.3,60
2021-05-07,,,,,,,,66.0,97.1,172
2021-05-08,,,,,,,,67.0,97.5,1292
2021-05-09,,,,,,,,79.0,96.8,321
2021-05-10,,,,,,,,72.0,95.3,775
2021-05-11,130.5,136.0,90.0,93.0,74.0,,,67.0,98.0,686
2021-05-12,,,,,,,,72.0,98.2,1025
2021-05-13,144.0,144.0,105.0,105.0,,,,64.0,97.7,1433
2021-05-14,150.0,150.0,90.0,90.0,,,,67.0,98.3,1083
2021-05-15,,,,,,,,59.0,96.5,445
2021-05-16,137.0,140.0,98.5,104.0,73.0,,,63.0,95.5,827
2021-05-17,136.0,138.0,96.5,98.0,,,,60.0,93.5,404
2021-05-18,119.0,119.0,85.0,85.0,,,,67.0,94.5,1109
2021-05-19,140.0,144.0,98.0,99.0,73.6,,,66.0,94.8,952
2021-05-20,144.0,144.0,94.0,94.0,,,,67.0,98.2,2125
2021-05-21,135.0,135.0,93.0,93.0,,,,63.0,93.7,891
2021-05-22,,,,,74.8,,,63.0,96.2,1195
2021-05-23,,,,,,,,71.0,98.9,1134
2021-05-24,135.0,135.0,102.0,102.0,,,,67.0,97.2,735
2021-05-25,153.0,153.0,105.0,105.0,,,,,,215
2021-05-26,,,,,,,,,,128
2021-05-27,129.0,129.0,84.0,84.0,,,,,,82
2021-05-28,128.0,128.0,89.0,89.0,,,,,,97
2021-05-29,134.0,134.0,94.0,94.0,,,,,,59
2021-05-30,146.0,146.0,92.0,92.0,,,,,,27
2021-05-31,129.0,129.0,94.0,94.0,,,,,,323
2021-06-01,,,,,,,,,,949
2021-06-02,141.0,141.0,99.0,99.0,75.3,,,,,1431
2021-06-03,140.0,140.0,87.0,87.0,76.6,,,,,2791
2021-06-04,,,,,77.0,,,,,4474
2021-06-05,,,,,77.5,,,72.0,97.0,8018
2021-06-06,,,,,79.0,,,73.0,89.7,8415
2021-06-07,152.0,152.0,93.0,93.0,78.9,,,73.0,92.8,2794
2021-06-08,,,,,79.4,,,79.0,95.4,1934
2021-06-09,,,,,79.8,,,69.0,96.6,2473
2021-06-10,,,,,80.3,,,74.0,94.3,1369
2021-06-11,159.0,159.0,99.0,99.0,79.9,,,81.0,95.1,13037
2021-06-12,124.0,124.0,83.0,83.0,79.1,,,85.0,92.0,4654
2021-06-13,150.0,150.0,99.0,99.0,79.8,,,71.0,96.5,14818
2021-06-14,153.0,153.0,98.0,98.0,79.6,,,80.0,93.9,1571
2021-06-15,,,,,80.0,,,84.0,92.6,2656
2021-06-16,136.0,136.0,84.0,84.0,80.4,,,84.0,96.8,2653
2021-06-17,136.0,136.0,87.0,87.0,80.1,,,84.0,94.2,1627
2021-06-18,138.0,138.0,83.0,83.0,80.8,,,72.0,94.8,13214
2021-06-19,153.0,153.0,103.0,103.0,80.0,,,84.0,96.5,6780
2021-06-20,150.0,150.0,103.0,103.0,80.9,,,73.0,93.4,11040
2021-06-21,153.0,153.0,101.0,101.0,80.9,,,84.0,95.2,2262
2021-06-22,,,,,80.5,,,79.0,97.8,2330
2021-06-23,138.0,138.0,92.0,92.0,81.3,,,78.0,96.0,1787
2021-06-24,,,,,81.4,,,80.0,96.0,1492
2021-06-25,151.0,151.0,101.0,101.0,81.5,,,84.0,95.1,11686
2021-06-26,134.0,134.0,83.0,83.0,82.6,,,79.0,94.4,5115
2021-06-27,135.0,135.0,88.0,88.0,81.8,,,74.0,94.9,18933
2021-06-28,153.0,153.0,104.0,104.0,80.9,,,80.0,95.7,2269
2021-06-29,,,,,82.2,,,94.0,95.8,1858
2021-06-30,,,,,82.4,,,80.0,96.4,1580
2021-07-01,149.0,149.0,104.0,104.0,81.5,,,90.0,93.7,1344
2021-07-02,144.0,144.0,93.0,93.0,82.0,,,73.0,93.7,4613
2021-07-03,140.0,140.0,94.0,94.0,82.4,,,84.0,95.5,13127
2021-07-04,117.0,117.0,77.0,77.0,83.1,,,78.0,95.9,17796
2021-07-05,,,,,82.5,,,75.0,96.6,1921
2021-07-06,,,,,81.1,,,70.0,95.5,8776
2021-07-07,,,,,82.1,,,80.0,96.8,2024
2021-07-08,145.0,145.0,93.0,93.0,82.5,,,84.0,97.6,1725
2021-07-09,165.0,165.0,118.0,118.0,81.8,,,84.0,98.1,7796
2021-07-10,141.0,141.0,91.0,91.0,82.6,,,79.0,95.4,5548
2021-07-11,128.0,128.0,79.0,79.0,82.6,,,79.0,94.1,12702
2021-07-12,134.0,134.0,86.0,86.0,81.9,,,84.0,96.1,1887
2021-07-13,,,,,81.5,,,85.0,97.0,1822
2021-07-14,129.0,129.0,89.0,89.0,81.9,,,,96.8,288
2021-07-15,,,,,81.7,,,91.0,97.3,2059
2021-07-16,,,,,81.7,,,88.0,98.6,9085
2021-07-17,125.0,125.0,89.0,89.0,82.5,,,80.0,97.6,5762
2021-07-18,116.0,116.0,78.0,78.0,82.3,,,84.0,98.3,6197
2021-07-19,,,,,82.3,,,86.0,95.7,1828
2021-07-20,,,,,82.3,,,93.0,96.1,1229
2021-07-21,,,,,82.2,,,84.0,96.4,1113
2021-07-22,142.0,142.0,100.0,100.0,82.1,,,84.0,96.3,5456
2021-07-23,,,,,82.3,,,85.0,96.8,2044
2021-07-24,138.0,138.0,96.0,96.0,83.4,,,84.0,95.1,15039
2021-07-25,,,,,82.9,,,84.0,98.0,4704
2021-07-26,135.0,135.0,100.0,100.0,83.1,,,93.0,94.9,7069
2021-07-27,138.0,138.0,92.0,92.0,83.2,,,84.0,94.5,2001
2021-07-28,,,,,83.8,,,79.0,96.7,13390
2021-07-29,129.0,129.0,81.0,81.0,83.6,,,80.0,97.2,2280
2021-07-30,,,,,83.7,,,93.0,96.0,9280
2021-07-31,124.0,124.0,90.0,90.0,84.0,,,79.0,96.2,6122
2021-08-01,,,,,84.6,,,89.0,96.4,5500
2021-08-02,,,,,83.2,,,89.0,98.0,6756
2021-08-03,,,,,84.3,,,89.0,96.8,1705
2021-08-04,,,,,84.4,,,85.0,95.9,1814
2021-08-05,124.0,124.0,84.0,84.0,85.1,,,79.0,97.6,1803
2021-08-06,,,,,84.6,,,79.0,96.6,11807
2021-08-07,132.0,132.0,92.0,92.0,84.6,,,80.0,97.2,5574
2021-08-08,120.0,120.0,82.0,82.0,85.8,,,79.0,98.2,5982
2021-08-09,,,,,86.1,,,66.0,96.9,2038
2021-08-10,125.0,125.0,83.0,83.0,85.8,,,68.0,98.1,21533
2021-08-11,118.0,118.0,86.0,86.0,84.5,,,84.0,98.2,12880
2021-08-12,110.0,110.0,71.0,71.0,85.4,,,64.0,97.0,5717
2021-08-13,,,,,85.7,,,71.0,98.6,13620
2021-08-14,,,,,85.9,,,79.0,97.6,6871
2021-08-15,92.0,92.0,62.0,62.0,86.4,,,71.0,98.0,2552
2021-08-16,,,,,86.6,,,85.0,97.1,6951
2021-08-17,,,,,86.4,,,84.0,98.5,6519
2021-08-18,121.0,121.0,91.0,91.0,86.6,,,85.0,97.6,6586
2021-08-19,115.0,115.0,86.0,86.0,86.7,,,93.0,98.1,6236
2021-08-20,,,,,86.3,,,84.0,98.3,11572
2021-08-21,116.0,116.0,84.0,84.0,86.7,,,79.0,97.9,5190
2021-08-22,115.0,115.0,75.0,75.0,86.9,,,68.0,97.6,9898
2021-08-23,122.0,122.0,80.0,80.0,87.1,,,91.0,98.1,6706
2021-08-24,,,,,86.8,,,85.0,98.3,6971
2021-08-25,147.0,147.0,105.0,105.0,86.5,,,84.0,98.5,6271
2021-08-26,133.0,133.0,93.0,93.0,87.2,,,91.0,97.3,6478
2021-08-27,112.0,112.0,76.0,76.0,86.0,,,84.0,97.5,9588
2021-08-28,,,,,86.2,,,72.0,98.4,5965
2021-08-29,120.0,120.0,79.0,79.0,86.6,,,70.0,97.7,5074
2021-08-30,,,,,85.4,,,76.0,98.4,6274
2021-08-31,122.0,122.0,80.0,80.0,85.3,,,84.0,96.0,6349
2021-09-01,,,,,85.4,,,85.0,96.7,1144
2021-09-02,131.0,131.0,99.0,99.0,85.3,,,84.0,97.1,1797
2021-09-03,,,,,85.3,,,73.0,98.5,11962
2021-09-04,115.0,115.0,73.0,73.0,86.3,,,72.0,95.9,4280
2021-09-05,121.0,121.0,78.0,78.0,86.3,,,69.0,97.4,6483
2021-09-06,137.0,137.0,97.0,97.0,85.5,,,84.0,95.2,2067
2021-09-07,,,,,85.7,,,91.0,96.2,2078
2021-09-08,133.0,133.0,96.0,96.0,86.0,,,79.0,96.9,2884
2021-09-09,130.0,130.0,78.0,78.0,86.0,,,84.0,96.1,2253
2021-09-10,130.0,130.0,93.0,93.0,85.2,,,90.0,96.8,12388
2021-09-11,,,,,86.7,,,73.0,98.0,5618
2021-09-12,133.0,133.0,114.0,114.0,85.7,,,73.0,93.9,29749
2021-09-13,137.0,137.0,87.0,87.0,85.9,,,91.0,95.0,1835
2021-09-14,147.0,147.0,120.0,120.0,85.8,,,84.0,96.2,1940
2021-09-15,,,,,86.4,,,90.0,96.2,1333
2021-09-16,143.0,143.0,87.0,87.0,86.9,,,80.0,95.7,1709
2021-09-17,134.0,134.0,91.0,91.0,86.2,,,84.0,97.9,12569
2021-09-18,120.0,120.0,86.0,86.0,87.3,,,72.0,97.9,10845
2021-09-19,114.0,114.0,86.0,86.0,88.0,,,84.0,95.8,4492
2021-09-20,120.0,120.0,92.0,92.0,87.7,,,89.0,97.1,2122
2021-09-21,135.0,135.0,86.0,86.0,87.8,,,84.0,96.8,1713
2021-09-22,,,,,87.3,,,89.0,93.8,2482
2021-09-23,132.0,132.0,97.0,97.0,87.1,,,83.0,96.0,1292
2021-09-24,127.0,127.0,89.0,89.0,86.9,,,79.0,96.2,12622
2021-09-25,126.0,126.0,81.0,81.0,88.5,,,77.0,97.8,7304
2021-09-26,,,,,88.7,,,74.0,94.9,7742
2021-09-27,,,,,,,,66.0,96.4,3736
2021-09-28,126.0,126.0,99.0,99.0,,,,60.0,97.9,1617
2021-09-29,98.0,98.0,63.0,63.0,,,,59.0,98.3,1733
2021-09-30,101.0,101.0,72.0,72.0,,,,64.0,96.6,2320
2021-10-01,,,,,,,,67.0,97.4,2188
2021-10-02,117.0,117.0,79.0,79.0,,,,67.0,97.2,1426
2021-10-03,132.0,132.0,82.0,82.0,83.2,,,59.0,98.1,2892
2021-10-04,,,,,,,,59.0,98.0,2050
2021-10-05,,,,,,,,60.0,96.7,1193
2021-10-06,,,,,,,,67.0,96.1,293
2021-10-07,,,,,,,,84.0,97.2,2000
2021-10-08,,,,,,,,79.0,97.8,1972
2021-10-09,,,,,,,,72.0,98.2,434
2021-10-10,,,,,82.0,,,73.0,97.2,1008
2021-10-11,,,,,,,,80.0,97.2,954
2021-10-12,,,,,,,,84.0,95.5,835
2021-10-13,119.0,119.0,84.0,84.0,83.7,,,84.0,95.1,5241
2021-10-14,134.0,134.0,86.0,86.0,84.0,,,84.0,95.9,3604
2021-10-15,115.0,115.0,80.0,80.0,84.2,,,72.0,95.7,3499
2021-10-16,121.0,121.0,71.0,71.0,85.5,,,72.0,95.2,3892
2021-10-17,,,,,85.6,,,63.0,96.0,15227
2021-10-18,,,,,84.6,,,67.0,97.5,1982
2021-10-19,,,,,,,,79.0,98.1,2253
2021-10-20,,,,,85.4,,,84.0,98.6,2006
2021-10-21,,,,,85.7,,,80.0,98.4,2012
2021-10-22,,,,,85.5,,,72.0,97.8,14786
2021-10-23,,,,,86.3,,,80.0,97.6,7146
2021-10-24,,,,,86.0,,,84.0,97.5,10131
2021-10-25,,,,,85.2,,,88.0,97.8,2337
2021-10-26,,,,,85.5,,,90.0,98.4,1650
2021-10-27,128.0,128.0,98.0,98.0,85.9,,,72.0,98.0,1202
2021-10-28,,,,,86.6,,,80.0,97.5,1640
2021-10-29,143.0,143.0,101.0,101.0,85.2,,,84.0,96.7,9270
2021-10-30,,,,,86.1,,,68.0,96.1,6335
2021-10-31,,,,,86.7,,,63.0,98.1,13130
2021-11-01,,,,,86.6,,,67.0,97.4,2209
2021-11-02,,,,,85.4,,,86.0,95.5,7271
2021-11-03,114.0,114.0,73.0,73.0,85.7,,,83.0,97.2,2004
2021-11-04,,,,,84.4,,,89.0,97.3,11274
2021-11-05,,,,,85.3,,,69.0,97.5,2137
2021-11-06,,,,,86.0,,,70.0,97.7,6179
2021-11-07,,,,,85.8,,,73.0,95.9,6650
2021-11-08,,,,,85.6,,,75.0,97.3,2456
2021-11-09,,,,,86.1,,,63.0,97.7,1863
2021-11-10,,,,,85.5,,,80.0,97.3,3625
2021-11-11,,,,,85.5,,,63.0,98.5,1792
2021-11-12,,,,,85.0,,,84.0,97.3,9482
2021-11-13,,,,,86.0,,,73.0,98.0,7963
2021-11-14,128.0,128.0,89.0,89.0,86.3,,,68.0,96.2,7616
2021-11-15,,,,,86.0,,,64.0,97.6,8304
2021-11-16,,,,,86.1,,,84.0,99.2,2026
2021-11-17,,,,,85.8,,,73.0,98.5,2079
2021-11-18,,,,,84.9,,,76.0,98.7,5190
2021-11-19,,,,,84.7,,,73.0,98.4,7344
2021-11-20,125.0,125.0,81.0,81.0,85.6,,,71.0,97.3,6829
2021-11-21,109.0,109.0,73.0,73.0,86.3,,,79.0,97.2,22157
2021-11-22,,,,,86.3,,,67.0,98.3,2041
2021-11-23,,,,,86.3,,,76.0,98.5,1848
2021-11-24,,,,,86.1,,,69.0,98.5,2211
2021-11-25,104.0,104.0,75.0,75.0,86.1,,,73.0,98.7,1644
2021-11-26,,,,,85.1,,,85.0,98.1,9742
2021-11-27,,,,,86.1,,,63.0,99.0,5682
2021-11-28,,,,,86.2,,,66.0,94.2,21040
2021-11-29,,,,,86.8,,,68.0,98.4,1634
2021-11-30,,,,,,,,84.0,98.5,4487
2021-12-01,,,,,86.2,,,84.0,98.3,2060
2021-12-02,,,,,85.7,,,69.0,99.0,1927
2021-12-03,,,,,83.4,,,91.0,98.8,13309
2021-12-04,,,,,85.6,,,72.0,98.4,5799
2021-12-05,115.0,115.0,78.0,78.0,86.5,,,73.0,98.7,12595
2021-12-06,,,,,86.5,,,73.0,99.2,2548
2021-12-07,,,,,85.7,,,80.0,98.2,2065
2021-12-08,,,,,86.9,,,68.0,97.8,2587
2021-12-09,,,,,87.1,,,85.0,98.3,2958
2021-12-10,,,,,,,,84.0,97.6,3233
2021-12-11,,,,,,,,69.0,95.5,1309
2021-12-12,,,,,,,,66.0,95.3,485
2021-12-13,,,,,,,,71.0,96.9,788
2021-12-14,,,,,,,,72.0,96.2,270
2021-12-15,,,,,,,,81.0,97.2,1995
2021-12-16,123.0,123.0,81.0,81.0,,,,71.0,95.7,1592
2021-12-17,132.0,132.0,103.0,103.0,,,,70.0,95.6,998
2021-12-18,,,,,,,,66.0,96.6,535
2021-12-19,,,,,,,,71.0,95.4,1898
2021-12-20,,,,,,,,80.0,96.5,641
2021-12-21,119.0,119.0,82.0,82.0,,,,66.0,96.5,661
2021-12-22,,,,,,,,72.0,97.3,542
2021-12-23,,,,,,,,90.0,97.1,1603
2021-12-24,,,,,,,,80.0,95.0,1058
2021-12-25,,,,,,,,69.0,95.5,1310
2021-12-26,,,,,82.2,,,80.0,97.2,13751
2021-12-27,,,,,82.7,,,80.0,98.3,1442
2021-12-28,,,,,83.0,,,66.0,98.7,1980
2021-12-29,,,,,84.5,,,63.0,98.2,9455
2021-12-30,,,,,84.0,,,60.0,98.3,10290
2021-12-31,,,,,84.2,,,64.0,98.0,5852
2022-01-01,,,,,84.7,,,79.0,98.2,16947
2022-01-02,,,,,83.8,,,79.0,96.2,19200
2022-01-03,,,,,85.3,,,70.0,97.2,2361
2022-01-04,126.0,126.0,96.0,96.0,84.9,,,61.0,97.0,20445
2022-01-05,,,,,84.8,,,64.0,97.2,17723
2022-01-06,,,,,83.9,,,84.0,97.3,7582
2022-01-07,,,,,84.2,,,69.0,97.6,11611
2022-01-08,,,,,85.9,,,70.0,98.1,8938
2022-01-09,,,,,85.5,,,70.0,98.0,11613
2022-01-10,,,,,84.0,,,67.0,98.6,1615
2022-01-11,,,,,,,,80.0,98.1,6719
2022-01-12,,,,,82.4,,,84.0,94.9,10907
2022-01-13,129.0,129.0,96.0,96.0,83.3,,,64.0,97.9,2122
2022-01-14,,,,,82.0,,,79.0,97.7,3294
2022-01-15,,,,,,,,71.0,97.4,7215
2022-01-16,141.0,141.0,99.0,99.0,82.6,,,75.0,97.2,18841
2022-01-17,,,,,83.1,,,59.0,97.2,1614
2022-01-18,,,,,83.4,,,63.0,98.4,1568
2022-01-19,,,,,82.2,,,59.0,98.4,2037
2022-01-20,,,,,82.0,,,79.0,97.9,1209
2022-01-21,,,,,80.8,,,74.0,98.8,11299
2022-01-22,,,,,82.2,,,60.0,98.3,5513
2022-01-23,133.0,133.0,82.0,82.0,,,,72.0,97.9,7816
2022-01-24,,,,,82.6,,,60.0,98.8,1813
2022-01-25,,,,,82.3,,,63.0,98.1,1195
2022-01-26,,,,,80.2,,,63.0,99.2,10234
2022-01-27,,,,,80.9,,,74.0,97.7,11358
2022-01-28,,,,,81.2,,,80.0,95.9,14375
2022-01-29,,,,,81.7,,,71.0,97.8,11400
2022-01-30,142.0,142.0,98.0,98.0,83.2,,,64.0,98.1,12996
2022-01-31,119.0,119.0,78.0,78.0,83.5,,,60.0,97.9,1487
2022-02-01,,,,,,,,63.0,98.8,2459
2022-02-02,,,,,83.7,,,63.0,99.0,1460
2022-02-03,,,,,83.5,,,63.0,98.5,2141
2022-02-04,,,,,82.2,,,84.0,99.1,11606
2022-02-05,119.0,119.0,81.0,81.0,82.2,,,71.0,97.3,29973
2022-02-06,131.0,131.0,95.0,95.0,82.4,,,70.0,97.7,20070
2022-02-07,,,,,,,,59.0,97.4,4441
2022-02-08,,,,,,,,58.0,97.1,400
2022-02-09,,,,,,,,59.0,96.7,264
2022-02-10,,,,,,,,59.0,96.6,435
2022-02-11,,,,,,,,61.0,97.4,313
2022-02-12,,,,,,,,67.0,97.8,389
2022-02-13,128.0,128.0,78.0,78.0,,,,63.0,98.1,1005
2022-02-14,,,,,,,,59.0,97.5,2640
2022-02-15,,,,,,,,66.0,97.4,991
2022-02-16,,,,,,,,53.0,97.7,1183
2022-02-17,111.0,111.0,78.0,78.0,,,,60.0,98.2,902
2022-02-18,,,,,,,,60.0,98.6,1313
2022-02-19,,,,,,,,64.0,98.3,470
2022-02-20,,,,,,,,59.0,98.3,301
2022-02-21,,,,,,,,60.0,98.3,787
2022-02-22,,,,,79.0,,,60.0,98.1,1085
2022-02-23,,,,,,,,67.0,97.9,1071
2022-02-24,,,,,,,,65.0,98.6,947
2022-02-25,,,,,,,,67.0,97.9,1278
2022-02-26,,,,,,,,83.0,98.4,1334
2022-02-27,,,,,79.5,,,90.0,98.1,11272
2022-02-28,138.0,138.0,99.0,99.0,79.3,,,85.0,96.3,6463
2022-03-01,,,,,80.5,,,63.0,96.2,5363
2022-03-02,,,,,80.6,,,63.0,97.2,8373
2022-03-03,,,,,79.7,,,60.0,97.9,11131
2022-03-04,,,,,80.4,,,57.0,97.7,8390
2022-03-05,,,,,81.9,,,63.0,98.4,6131
2022-03-06,,,,,81.5,,,69.0,98.0,28931
2022-03-07,,,,,79.8,,,63.0,98.5,1590
2022-03-08,,,,,80.6,,,59.0,99.0,1544
2022-03-09,,,,,81.7,,,60.0,98.8,1796
2022-03-10,,,,,81.1,,,63.0,97.9,1840
2022-03-11,,,,,80.4,,,64.0,98.5,12788
2022-03-12,,,,,81.3,,,64.0,98.0,5849
2022-03-13,138.0,138.0,84.0,84.0,80.6,,,71.0,97.8,18559
2022-03-14,,,,,80.5,,,63.0,98.5,1426
2022-03-15,,,,,81.4,,,69.0,98.6,2762
2022-03-16,,,,,80.2,,,59.0,98.7,2486
2022-03-17,,,,,80.0,,,59.0,98.3,2141
2022-03-18,,,,,78.4,,,84.0,98.3,10813
2022-03-19,,,,,80.2,,,67.0,98.1,8306
2022-03-20,,,,,80.8,,,68.0,98.8,19093
2022-03-21,,,,,81.0,,,55.0,99.5,1516
2022-03-22,,,,,80.2,,,61.0,98.8,1625
2022-03-23,,,,,81.1,,,60.0,98.6,1795
2022-03-24,,,,,80.6,,,63.0,98.3,2064
2022-03-25,,,,,80.4,,,63.0,99.0,11769
2022-03-26,,,,,81.0,,,69.0,98.7,10293
2022-03-27,,,,,82.3,,,72.0,97.5,20423
2022-03-28,,,,,80.6,,,62.0,99.2,1863
2022-03-29,,,,,81.3,,,75.0,99.5,7517
2022-03-30,,,,,81.1,,,63.0,98.9,6216
2022-03-31,,,,,81.2,,,80.0,98.8,13674
2022-04-01,,,,,80.0,,,73.0,98.8,8559
2022-04-02,,,,,81.8,,,70.0,98.5,19787
2022-04-03,,,,,81.3,,,60.0,98.0,6697
2022-04-04,,,,,81.4,,,66.0,99.1,5845
2022-04-05,124.0,124.0,89.0,89.0,81.9,,,64.0,99.0,1841
2022-04-06,,,,,81.6,,,70.0,99.3,1337
2022-04-07,,,,,81.4,,,80.0,98.1,1704
2022-04-08,,,,,80.5,,,72.0,98.9,12945
2022-04-09,,,,,81.6,,,79.0,97.8,4197
2022-04-10,120.0,120.0,81.0,81.0,82.2,,,73.0,97.0,13936
2022-04-11,,,,,81.9,,,67.0,98.3,2251
2022-04-12,,,,,80.3,,,89.0,99.3,17244
2022-04-13,,,,,80.0,,,72.0,95.6,2324
2022-04-14,,,,,80.6,,,73.0,98.5,2049
2022-04-15,,,,,80.1,,,60.0,97.3,10079
2022-04-16,129.0,129.0,89.0,89.0,81.4,,,68.0,98.5,9657
2022-04-17,,,,,82.9,,,72.0,99.6,15015
2022-04-18,132.0,132.0,87.0,87.0,82.0,,,72.0,99.3,2051
2022-04-19,,,,,82.5,,,73.0,98.1,2194
2022-04-20,,,,,82.7,,,78.0,99.0,1663
2022-04-21,,,,,82.5,,,72.0,98.7,1998
2022-04-22,,,,,82.2,,,72.0,98.4,11533
2022-04-23,,,,,83.7,,,66.0,97.8,4868
2022-04-24,,,,,82.8,,,70.0,95.9,16244
2022-04-25,,,,,83.5,,,63.0,98.3,1497
2022-04-26,,,,,81.3,,,79.0,98.0,7268
2022-04-27,,,,,82.6,,,72.0,96.7,7895
2022-04-28,,,,,,,,64.0,96.9,5480
2022-04-29,111.0,111.0,73.0,73.0,,,,68.0,98.2,1230
2022-04-30,,,,,,,,59.0,98.5,594
2022-05-01,,,,,,,,67.0,96.0,786
2022-05-02,,,,,,,,72.0,98.1,1012
2022-05-03,,,,,,,,64.0,98.4,746
2022-05-04,124.0,124.0,83.0,83.0,,,,63.0,97.6,615
2022-05-05,,,,,,,,62.0,97.1,281
2022-05-06,,,,,,,,63.0,97.5,214
2022-05-07,,,,,,,,64.0,96.9,417
2022-05-08,,,,,,,,63.0,96.0,527
2022-05-09,,,,,,,,79.0,99.1,817
2022-05-10,,,,,,,,59.0,98.8,350
2022-05-11,,,,,,,,63.0,97.1,749
2022-05-12,,,,,,,,73.0,97.2,839
2022-05-13,,,,,,,,68.0,96.8,1407
2022-05-14,,,,,,,,69.0,97.2,1200
2022-05-15,,,,,76.5,,,73.0,99.1,682
2022-05-16,,,,,,,,68.0,98.9,1060
2022-05-17,,,,,,,,67.0,99.1,949
2022-05-18,,,,,,,,77.0,98.8,1069
2022-05-19,,,,,,,,80.0,99.5,1662
2022-05-20,,,,,,,,71.0,98.6,937
2022-05-21,,,,,75.9,,,84.0,98.3,10653
2022-05-22,,,,,77.7,,,72.0,98.3,12111
2022-05-23,,,,,76.1,,,71.0,98.0,9294
2022-05-24,143.0,143.0,99.0,99.0,77.2,,,79.0,97.6,2558
2022-05-25,,,,,76.6,,,84.0,99.0,1493
2022-05-26,,,,,75.1,,,90.0,97.8,2294
2022-05-27,135.0,135.0,99.0,99.0,76.3,,,90.0,97.5,1936
2022-05-28,,,,,77.1,,,88.0,97.5,2086
2022-05-29,140.0,140.0,102.0,102.0,76.9,,,84.0,96.5,2046
2022-05-30,135.0,135.0,102.0,102.0,76.0,,,85.0,97.2,1485
2022-05-31,,,,,76.8,,,73.0,98.1,2863
2022-06-01,,,,,,,,83.0,98.2,1135
2022-06-02,,,,,76.1,,,80.0,98.3,1703
2022-06-03,,,,,76.0,,,78.0,97.0,4080
2022-06-04,,,,,77.3,,,85.0,97.5,6133
2022-06-05,140.0,140.0,95.0,95.0,77.8,,,75.0,94.4,7561
2022-06-06,,,,,,,,84.0,97.4,1778
2022-06-07,,,,,76.8,,,90.0,98.9,1639
2022-06-08,,,,,76.6,,,84.0,99.5,1716
2022-06-09,,,,,75.8,,,89.0,98.7,2031
2022-06-10,,,,,,,,80.0,97.3,1778
2022-06-11,,,,,76.9,,,80.0,97.1,2826
2022-06-12,,,,,78.1,,,84.0,98.5,1160
2022-06-13,151.0,151.0,110.0,110.0,77.6,,,91.0,97.1,1529
2022-06-14,138.0,138.0,102.0,102.0,76.4,,,79.0,98.2,1993
2022-06-15,,,,,77.2,,,84.0,98.7,1675
2022-06-16,,,,,77.1,,,73.0,97.6,2013
2022-06-17,,,,,,,,72.0,97.0,5866
2022-06-18,,,,,76.8,,,85.0,97.3,2990
2022-06-19,126.0,126.0,83.0,83.0,78.0,,,84.0,97.1,2093
2022-06-20,151.0,151.0,110.0,110.0,77.0,,,91.0,96.1,2100
2022-06-21,,,,,77.9,,,84.0,95.6,2102
2022-06-22,152.0,152.0,105.0,105.0,77.9,,,84.0,96.8,2075
2022-06-23,166.0,166.0,119.0,119.0,77.8,,,91.0,97.2,1879
2022-06-24,,,,,78.0,,,80.0,96.7,3609
2022-06-25,,,,,78.5,,,79.0,98.4,3197
2022-06-26,,,,,78.3,,,84.0,96.8,1563
2022-06-27,154.0,154.0,109.0,109.0,78.3,,,84.0,96.1,1922
2022-06-28,,,,,77.3,,,85.0,95.3,1068
2022-06-29,,,,,,,,85.0,95.7,1407
2022-06-30,,,,,77.5,,,79.0,94.8,1331
2022-07-01,,,,,77.4,,,73.0,97.9,4332
2022-07-02,,,,,78.1,,,84.0,95.5,6962
2022-07-03,,,,,78.4,,,80.0,95.0,10068
2022-07-04,,,,,78.3,,,80.0,98.3,1531
2022-07-05,,,,,77.9,,,80.0,95.6,1524
2022-07-06,,,,,78.0,,,90.0,97.0,1721
2022-07-07,141.0,141.0,106.0,106.0,78.2,,,80.0,98.3,1440
2022-07-08,,,,,76.5,,,79.0,96.5,1559
2022-07-09,,,,,78.1,,,85.0,98.7,6766
2022-07-10,,,,,79.3,,,84.0,97.3,7372
2022-07-11,,,,,79.9,,,73.0,97.3,1993
2022-07-12,,,,,80.1,,,85.0,97.6,1554
2022-07-13,,,,,79.9,,,84.0,92.9,2264
2022-07-14,,,,,80.6,,,80.0,97.1,2105
2022-07-15,,,,,80.7,,,74.0,96.1,3281
2022-07-16,,,,,80.2,,,84.0,96.4,6167
2022-07-17,,,,,81.7,,,80.0,92.1,8505
2022-07-18,,,,,81.5,,,79.0,94.7,2093
2022-07-19,,,,,82.0,,,74.0,97.3,1691
2022-07-20,,,,,81.6,,,84.0,97.1,3493
2022-07-21,,,,,81.3,,,84.0,95.9,3394
2022-07-22,,,,,81.7,,,84.0,96.5,1975
2022-07-23,137.0,137.0,86.0,86.0,81.4,,,71.0,98.3,2803
2022-07-24,,,,,82.1,,,88.0,95.7,2209
2022-07-25,,,,,81.5,,,84.0,97.8,1664
2022-07-26,,,,,80.3,,,83.0,95.8,1983
2022-07-27,,,,,,,,80.0,97.8,5862
2022-07-28,,,,,79.0,,,79.0,96.2,16291
2022-07-29,,,,,78.5,,,85.0,97.9,9928
2022-07-30,,,,,77.9,,,85.0,96.4,5256
2022-07-31,124.0,124.0,87.0,87.0,78.4,,,88.0,96.2,2242
2022-08-01,,,,,77.6,,,79.0,94.4,8394
2022-08-02,,,,,76.4,,,89.0,97.1,15144
2022-08-03,,,,,77.3,,,90.0,95.0,3924
2022-08-04,126.0,126.0,93.0,93.0,78.5,,,80.0,98.2,3538
2022-08-05,,,,,78.1,,,78.0,94.6,4947
2022-08-06,,,,,79.6,,,88.0,97.5,6236
2022-08-07,,,,,79.7,,,91.0,95.9,9554
2022-08-08,135.0,135.0,102.0,102.0,80.1,,,73.0,96.6,10941
2022-08-09,,,,,,,,80.0,95.7,3831
2022-08-10,,,,,,,,72.0,96.0,1832
2022-08-11,,,,,,,,76.0,96.9,821
2022-08-12,,,,,77.6,,,67.0,97.2,1530
2022-08-13,,,,,77.7,,,72.0,97.4,2700
2022-08-14,126.0,126.0,89.0,89.0,,,,68.0,97.0,1397
2022-08-15,,,,,,,,65.0,96.7,1394
2022-08-16,,,,,,,,70.0,97.2,2307
2022-08-17,,,,,77.4,,,74.0,96.5,1361
2022-08-18,,,,,,,,64.0,97.7,1120
2022-08-19,,,,,,,,71.0,97.7,1809
2022-08-20,,,,,76.5,,,75.0,96.9,1444
2022-08-21,,,,,,,,71.0,96.1,1696
2022-08-22,140.0,140.0,92.0,92.0,77.4,,,78.0,96.9,2693
2022-08-23,,,,,,,,74.0,96.9,2159
2022-08-24,149.0,149.0,102.0,102.0,77.8,,,75.0,97.1,1890
2022-08-25,,,,,,,,78.0,95.8,2297
2022-08-26,,,,,77.2,,,71.0,95.9,1788
2022-08-27,,,,,,,,71.0,96.2,4162
2022-08-28,,,,,77.2,,,79.0,94.4,2294
2022-08-29,,,,,,,,72.0,94.5,1243
2022-08-30,,,,,77.4,,,72.0,95.8,1077
2022-08-31,136.0,136.0,96.0,96.0,,,,75.0,95.7,3106
2022-09-01,,,,,77.8,,,71.0,95.1,1818
2022-09-02,131.0,133.0,93.5,96.0,,,,74.0,96.9,1782
2022-09-03,110.0,110.0,70.0,70.0,,,,79.0,95.3,2383
2022-09-04,,,,,,,,79.0,96.7,2538
2022-09-05,,,,,,,,85.0,95.0,2440
2022-09-06,,,,,,,,72.0,97.2,1972
2022-09-07,136.0,136.0,103.0,103.0,,,,80.0,96.5,2086
2022-09-08,,,,,78.8,,,73.0,96.7,3032
2022-09-09,140.0,140.0,95.0,95.0,78.0,,,84.0,96.0,3372
2022-09-10,140.0,140.0,110.0,110.0,,,,84.0,94.6,3976
2022-09-11,,,,,79.3,,,93.0,95.9,3627
2022-09-12,161.0,161.0,119.0,119.0,80.0,,,88.0,93.4,3842
2022-09-13,141.7,145.0,110.1,111.0,80.0,,,88.0,96.3,2680
2022-09-14,147.0,147.0,106.0,106.0,80.1,,,93.0,93.1,3926
2022-09-15,,,,,,,,,,910
2022-09-17,,,,,,313.5,334.0,80.0,93.9,696
2022-09-18,,,,,,,,90.0,94.3,1063
2022-09-19,,,,,,,,93.0,95.8,585
2022-09-20,,,,,,,,88.0,95.6,341
2022-09-21,,,,,,182.0,228.0,88.0,98.5,1650
2022-09-22,,,,,,,,91.0,94.5,1773
2022-09-23,,,,,76.8,,,91.0,94.7,1833
2022-09-24,125.0,125.0,89.0,89.0,75.6,97.6,234.0,90.0,95.5,1290
2022-09-25,140.5,141.0,88.5,93.0,,185.0,201.0,93.0,96.3,2060
2022-09-26,,,,,,201.3,241.0,88.0,96.9,2478
2022-09-27,136.0,136.0,89.0,89.0,,143.5,186.0,84.0,96.9,2295
2022-09-28,,,,,,214.0,238.0,73.0,96.6,1875
2022-09-29,,,,,,179.0,276.0,79.0,96.1,2470
2022-09-30,,,,,74.8,142.0,157.0,84.0,96.1,1870
2022-10-01,132.5,143.0,97.5,109.0,,226.7,239.0,94.0,94.1,2450
2022-10-02,,,,,75.5,221.5,230.0,89.0,95.8,2065
2022-10-03,,,,,,171.3,199.0,91.0,96.0,1357
2022-10-04,,,,,,195.0,222.0,89.0,96.5,3113
2022-10-05,136.0,136.0,79.0,79.0,75.5,192.0,224.0,84.0,96.5,2262
2022-10-06,118.0,118.0,79.0,79.0,,198.0,219.0,84.0,96.6,3530
2022-10-07,,,,,,236.0,236.0,88.0,95.0,1453
2022-10-08,,,,,75.5,102.5,113.0,83.0,95.9,2528
2022-10-09,,,,,,112.5,173.0,72.0,96.3,1066
2022-10-10,,,,,,170.5,188.0,79.0,97.8,1314
2022-10-11,116.0,116.0,70.0,70.0,,158.0,224.0,73.0,97.2,2069
2022-10-12,,,,,,151.0,181.0,74.0,96.1,2437
2022-10-13,,,,,,62.7,98.0,74.0,97.0,1608
2022-10-14,,,,,,120.5,175.0,71.0,96.7,1877
2022-10-15,,,,,,,,72.0,97.3,2431
2022-10-16,,,,,,121.0,128.0,74.0,97.0,2133
2022-10-17,,,,,,137.3,160.0,72.0,95.7,2326
2022-10-18,,,,,,174.5,185.0,75.0,95.2,1254
2022-10-19,,,,,,111.0,111.0,73.0,96.6,3454
2022-10-20,,,,,,131.0,131.0,72.0,97.5,1690
2022-10-21,,,,,,180.0,187.0,79.0,96.8,2025
2022-10-22,,,,,,151.0,151.0,69.0,95.3,1947
2022-10-23,,,,,,178.0,178.0,73.0,97.8,1220
2022-10-24,,,,,,114.0,114.0,72.0,96.7,1603
2022-10-25,,,,,,144.5,184.0,69.0,95.8,1204
2022-10-26,,,,,,,,79.0,97.0,1297
2022-10-27,,,,,,110.0,110.0,72.0,98.3,1345
2022-10-28,,,,,,125.0,125.0,67.0,96.9,1683
2022-10-29,,,,,,152.0,152.0,73.0,95.8,1240
2022-10-30,,,,,77.0,123.5,134.0,79.0,97.0,885
2022-10-31,,,,,,124.0,124.0,69.0,95.9,2039
2022-11-01,,,,,76.0,132.0,132.0,75.0,96.5,1857
2022-11-02,,,,,,118.0,118.0,68.0,97.5,1633
2022-11-03,,,,,,125.0,129.0,72.0,95.3,1808
2022-11-04,,,,,,135.0,135.0,80.0,98.0,1544
2022-11-05,,,,,,,,72.0,98.0,1821
2022-11-06,,,,,,135.0,135.0,73.0,97.3,4092
2022-11-07,,,,,76.5,138.5,149.0,84.0,97.2,2120
2022-11-08,,,,,,140.0,140.0,71.0,98.0,1069
2022-11-09,,,,,77.1,125.0,125.0,80.0,98.4,6386
2022-11-10,,,,,77.3,,,84.0,97.6,7280
2022-11-11,125.0,125.0,78.0,78.0,78.0,,,80.0,98.2,9330
2022-11-12,,,,,79.3,,,63.0,99.7,8839
2022-11-13,,,,,78.4,,,70.0,97.5,12522
2022-11-14,,,,,78.7,,,80.0,96.5,3583
2022-11-15,,,,,78.5,,,80.0,98.3,11974
2022-11-16,,,,,79.0,,,72.0,98.3,1836
2022-11-17,,,,,80.0,,,63.0,98.1,2791
2022-11-18,,,,,79.8,,,84.0,97.3,14190
2022-11-19,,,,,80.0,,,66.0,98.1,3604
2022-11-20,,,,,80.9,,,80.0,95.7,8845
2022-11-21,,,,,79.9,,,72.0,96.9,1665
2022-11-22,,,,,78.8,,,64.0,97.8,1133
2022-11-23,,,,,80.7,,,71.0,96.6,3142
2022-11-24,,,,,81.3,,,63.0,97.2,1593
2022-11-25,,,,,80.3,,,67.0,97.4,11515
2022-11-26,,,,,80.9,,,80.0,96.0,16225
2022-11-27,,,,,81.2,,,66.0,98.8,10852
2022-11-28,,,,,81.5,,,65.0,97.3,1493
2022-11-29,,,,,82.0,,,73.0,94.1,2489
2022-11-30,,,,,81.5,,,84.0,97.8,1498
2022-12-01,,,,,81.9,,,67.0,82.0,2614
2022-12-02,,,,,82.4,,,84.0,98.5,6025
2022-12-03,,,,,82.1,,,66.0,98.1,6933
2022-12-04,,,,,82.2,,,84.0,98.5,13792
2022-12-05,,,,,82.4,,,68.0,95.7,2289
2022-12-06,,,,,82.9,,,68.0,98.7,1971
2022-12-07,,,,,83.1,,,63.0,97.3,2385
2022-12-08,,,,,82.2,,,72.0,96.6,1720
2022-12-09,,,,,82.4,,,72.0,97.9,7631
2022-12-10,,,,,83.2,,,72.0,98.4,5585
2022-12-11,,,,,82.9,,,79.0,98.1,6980
2022-12-12,,,,,82.7,,,80.0,94.9,2237
2022-12-13,,,,,82.8,,,78.0,97.4,2349
2022-12-14,,,,,83.7,,,72.0,98.1,1866
2022-12-15,,,,,83.5,,,83.0,98.8,1975
2022-12-16,,,,,84.4,,,72.0,99.1,2376
2022-12-17,,,,,83.9,,,68.0,98.3,4044
2022-12-18,,,,,85.0,,,70.0,98.0,17323
2022-12-19,,,,,83.6,,,79.0,96.6,3080
2022-12-20,,,,,84.8,,,72.0,97.1,2689
2022-12-21,,,,,84.9,,,74.0,98.1,1803
2022-12-22,,,,,84.9,,,80.0,97.7,1712
2022-12-23,,,,,,,,80.0,99.2,8031
2022-12-24,,,,,83.9,,,84.0,97.5,15469
2022-12-25,,,,,85.8,,,80.0,99.5,20127
2022-12-26,,,,,86.4,,,73.0,97.1,1469
2022-12-27,,,,,86.2,,,79.0,97.5,4672
2022-12-28,,,,,85.6,,,88.0,97.0,8607
2022-12-29,,,,,85.8,,,74.0,97.5,8010
2022-12-30,,,,,86.4,,,66.0,97.7,8098
2022-12-31,,,,,86.5,,,85.0,93.2,14058
2023-01-01,,,,,86.8,,,80.0,93.0,8212
2023-01-02,,,,,86.9,,,77.0,97.4,20315
2023-01-03,,,,,87.3,,,70.0,98.2,8333
2023-01-04,,,,,86.6,,,72.0,96.1,5876
2023-01-05,,,,,87.5,,,72.0,96.0,7134
2023-01-06,,,,,87.1,,,72.0,98.6,17672
2023-01-07,,,,,88.7,,,70.0,95.4,3320
2023-01-08,,,,,88.1,,,73.0,95.8,26225
2023-01-09,,,,,89.6,,,72.0,96.6,2105
2023-01-10,,,,,87.6,,,68.0,94.7,2318
2023-01-11,,,,,87.7,,,74.0,96.9,1548
2023-01-12,,,,,88.6,,,75.0,97.5,2679
2023-01-13,,,,,87.2,,,79.0,97.3,3573
2023-01-14,,,,,87.7,,,70.0,97.6,4235
2023-01-15,,,,,89.4,,,71.0,96.1,7554
2023-01-16,,,,,89.9,,,80.0,97.4,2452
2023-01-17,,,,,89.3,,,71.0,96.9,2108
2023-01-18,,,,,89.3,,,74.0,97.6,3861
2023-01-19,,,,,90.0,,,84.0,95.9,2672
2023-01-20,,,,,89.2,,,72.0,98.0,6793
2023-01-21,,,,,89.2,,,80.0,98.6,6355
2023-01-22,,,,,90.0,,,67.0,97.7,4744
2023-01-23,,,,,90.0,,,79.0,98.1,2384
2023-01-24,,,,,90.2,,,72.0,98.0,1546
2023-01-25,,,,,90.7,,,77.0,97.1,1680
2023-01-26,,,,,90.7,,,73.0,97.5,2015
2023-01-27,,,,,89.5,,,79.0,97.2,3796
2023-01-28,,,,,90.2,,,72.0,97.4,5215
2023-01-29,,,,,91.0,,,69.0,97.1,17872
2023-01-30,,,,,90.8,,,79.0,98.3,2450
2023-01-31,,,,,91.8,,,77.0,98.5,2461
2023-02-01,,,,,,,,88.0,98.3,3435
2023-02-02,,,,,,,,68.0,96.5,791
2023-02-03,,,,,,,,67.0,95.3,615
2023-02-04,,,,,86.8,,,65.0,96.8,671
2023-02-05,,,,,,,,65.0,95.9,749
2023-02-06,,,,,,,,63.0,96.4,262
2023-02-07,,,,,,,,68.0,97.4,373
2023-02-08,,,,,,,,67.0,98.0,682
2023-02-09,,,,,,,,62.0,98.0,268
2023-02-10,,,,,,,,60.0,97.8,302
2023-02-11,,,,,83.0,,,60.0,98.3,324
2023-02-12,,,,,,,,66.0,97.4,815
2023-02-13,,,,,,,,63.0,96.8,478
2023-02-14,,,,,,,,64.0,96.4,256
2023-02-15,,,,,,,,70.0,98.0,989
2023-02-16,,,,,,,,69.0,98.1,1798
2023-02-17,,,,,,,,73.0,98.0,849
2023-02-18,,,,,,,,69.0,97.5,990
2023-02-19,,,,,,,,72.0,98.2,752
2023-02-20,,,,,,,,70.0,97.6,1112
2023-02-21,,,,,,,,67.0,96.4,614
2023-02-22,,,,,,,,71.0,96.5,589
2023-02-23,,,,,,,,71.0,96.8,688
2023-02-24,,,,,,,,71.0,94.2,707
2023-02-25,,,,,84.0,,,78.0,97.2,688
2023-02-26,,,,,,,,72.0,97.4,2256
2023-02-27,,,,,,,,67.0,97.9,604
2023-02-28,,,,,,,,73.0,98.3,1080
2023-03-01,,,,,,,,79.0,97.1,1094
2023-03-02,,,,,,,,73.0,98.1,910
2023-03-03,,,,,,,,75.0,97.6,1036
2023-03-04,,,,,,,,72.0,97.5,456
2023-03-05,,,,,84.6,,,75.0,98.5,619
2023-03-06,,,,,,,,80.0,97.2,707
2023-03-07,,,,,,,,71.0,96.3,575
2023-03-08,,,,,,,,71.0,97.5,1321
2023-03-09,,,,,,,,73.0,97.6,571
2023-03-10,,,,,,,,73.0,98.2,924
2023-03-11,,,,,,,,72.0,96.2,731
2023-03-12,,,,,85.4,,,79.0,96.2,9420
2023-03-13,,,,,86.1,,,79.0,96.6,4842
2023-03-14,,,,,85.8,,,67.0,99.2,1618
2023-03-15,,,,,85.2,,,67.0,98.2,1489
2023-03-16,,,,,84.7,,,71.0,96.8,1442
2023-03-17,,,,,85.5,,,73.0,98.3,4639
2023-03-18,,,,,86.2,,,69.0,96.3,4074
2023-03-19,,,,,86.2,,,74.0,98.0,9430
2023-03-20,,,,,85.6,,,72.0,96.9,2086
2023-03-21,,,,,85.9,,,65.0,98.4,1477
2023-03-22,,,,,86.3,,,80.0,97.8,1992
2023-03-23,,,,,86.3,,,69.0,96.7,2364
2023-03-24,,,,,,,,64.0,97.5,2908
2023-03-25,,,,,84.6,,,66.0,97.4,4360
2023-03-26,,,,,86.0,,,64.0,98.8,11481
2023-03-27,,,,,86.3,,,70.0,95.9,1698
2023-03-28,,,,,87.2,,,76.0,96.4,6358
2023-03-29,,,,,87.0,,,69.0,96.4,1366
2023-03-30,,,,,87.4,,,67.0,93.0,1535
2023-03-31,,,,,87.9,,,73.0,97.1,5847
2023-04-01,,,,,86.4,,,73.0,98.3,20291
2023-04-02,,,,,86.5,,,68.0,94.0,12736
2023-04-03,,,,,87.4,,,72.0,96.8,2319
2023-04-04,,,,,87.8,,,73.0,96.6,2720
2023-04-05,,,,,88.6,,,66.0,96.7,1882
2023-04-06,,,,,87.3,,,74.0,96.4,1228
2023-04-07,,,,,86.8,,,67.0,97.1,2774
2023-04-08,,,,,88.1,,,76.0,96.9,10099
2023-04-09,,,,,87.7,,,85.0,94.2,17840
2023-04-10,,,,,88.0,,,66.0,95.5,1561
2023-04-11,,,,,87.9,,,69.0,97.3,2400
2023-04-12,,,,,87.7,,,78.0,96.2,2246
2023-04-13,,,,,88.5,,,70.0,96.9,1691
2023-04-14,,,,,88.1,,,67.0,97.7,7649
2023-04-15,,,,,88.0,,,60.0,96.3,8207
2023-04-16,,,,,87.9,,,59.0,98.0,17158
2023-04-17,,,,,89.2,,,66.0,96.2,1732
2023-04-18,,,,,88.4,,,59.0,96.7,1791
2023-04-19,,,,,88.8,,,,,721
2023-04-20,,,,,88.8,,,,,507
2023-04-21,,,,,86.6,,,,,1417
2023-04-22,,,,,87.0,,,,,4068
2023-04-23,,,,,86.9,,,,,3976
2023-04-24,,,,,88.1,,,72.0,97.0,1546
2023-04-25,,,,,88.7,,,62.0,96.0,3035
2023-04-26,,,,,88.3,,,63.0,95.5,2346
2023-04-27,,,,,89.2,,,63.0,97.0,2172
2023-04-28,,,,,89.1,,,68.0,95.1,4120
2023-04-29,,,,,88.9,,,60.0,94.6,10868
2023-04-30,,,,,88.7,,,84.0,94.3,7421
2023-05-01,,,,,89.3,,,78.0,97.0,3070
2023-05-02,,,,,89.4,,,64.0,97.4,6805
2023-05-03,,,,,87.9,,,66.0,98.5,13044
2023-05-04,,,,,88.3,,,63.0,95.7,5536
2023-05-05,,,,,88.7,,,73.0,96.2,9092
2023-05-06,,,,,88.4,,,64.0,94.8,6232
2023-05-07,,,,,87.9,,,73.0,94.7,4672
2023-05-08,,,,,87.6,,,71.0,96.2,3843
2023-05-09,,,,,,,,68.0,96.5,6581
2023-05-10,,,,,87.5,,,59.0,96.8,1270
2023-05-11,,,,,,,,63.0,96.8,807
2023-05-12,,,,,,,,59.0,97.3,486
2023-05-13,,,,,,,,67.0,97.0,1803
2023-05-14,,,,,84.6,,,63.0,97.4,1204
2023-05-15,,,,,,,,63.0,96.9,326
2023-05-16,,,,,84.6,108.5,135.0,59.0,96.5,1065
2023-05-17,,,,,,,,63.0,97.6,612
2023-05-18,,,,,,,,71.0,97.5,1849
2023-05-19,,,,,,159.0,159.0,63.0,97.7,823
2023-05-20,,,,,,139.0,139.0,78.0,98.1,718
2023-05-21,,,,,84.7,158.0,158.0,66.0,96.6,366
2023-05-22,,,,,,,,71.0,94.9,283
2023-05-23,,,,,,133.0,133.0,63.0,95.4,858
2023-05-24,,,,,,,,60.0,96.9,566
2023-05-25,,,,,,,,68.0,94.6,396
2023-05-26,,,,,,123.0,123.0,71.0,96.1,623
2023-05-27,,,,,,,,58.0,96.6,199
2023-05-28,,,,,85.2,,,59.0,96.0,652
2023-05-29,,,,,,,,59.0,95.7,330
2023-05-30,,,,,,,,63.0,96.4,325
2023-05-31,,,,,,,,70.0,96.4,1286
2023-06-01,,,,,,,,69.0,96.5,2198
2023-06-02,,,,,,,,71.0,96.0,1192
2023-06-03,,,,,,,,61.0,97.0,965
2023-06-04,,,,,,,,67.0,96.9,1323
2023-06-05,,,,,,,,59.0,96.9,407
2023-06-06,,,,,,,,59.0,97.4,616
2023-06-07,,,,,,,,60.0,96.8,462
2023-06-08,,,,,,,,59.0,97.0,434
2023-06-09,,,,,,,,59.0,97.7,282
2023-06-10,,,,,,,,73.0,96.6,1357
2023-06-11,,,,,,,,76.0,96.5,522
2023-06-12,,,,,,,,71.0,95.4,1665
2023-06-13,,,,,,,,66.0,95.4,577
2023-06-14,,,,,,,,68.0,95.0,1352
2023-06-15,,,,,,,,69.0,92.6,1262
2023-06-16,,,,,,,,59.0,97.4,423
2023-06-17,,,,,,,,66.0,96.1,1295
2023-06-18,,,,,,,,71.0,95.9,927
2023-06-19,,,,,,,,84.0,94.6,1991
2023-06-20,,,,,,,,68.0,97.2,440
2023-06-21,,,,,,,,84.0,97.8,1680
2023-06-22,,,,,,,,71.0,96.1,3371
2023-06-23,,,,,,,,80.0,96.6,1025
2023-06-24,,,,,,,,80.0,93.5,1433
2023-06-25,,,,,,,,77.0,95.3,1618
2023-06-26,,,,,,,,70.0,94.5,2440
2023-06-27,,,,,,,,84.0,94.4,3634
2023-06-28,,,,,,,,73.0,92.5,2157
2023-06-29,,,,,85.1,,,91.0,97.2,5074
2023-06-30,,,,,85.4,,,80.0,96.9,3227
2023-07-01,,,,,84.4,,,71.0,95.1,6295
2023-07-02,,,,,84.4,,,61.0,95.1,3292
2023-07-03,,,,,84.5,,,64.0,95.2,1533
2023-07-04,,,,,84.6,,,81.0,96.0,6432
2023-07-05,,,,,85.4,,,,91.5,369
2023-07-06,,,,,84.6,,,79.0,95.0,2906
2023-07-07,,,,,84.2,,,72.0,94.2,7050
2023-07-08,,,,,84.3,,,63.0,95.6,7806
2023-07-09,,,,,84.9,,,64.0,95.4,8079
2023-07-10,,,,,85.8,,,79.0,97.0,2256
2023-07-11,,,,,85.6,,,59.0,95.5,1687
2023-07-12,,,,,85.7,,,58.0,94.9,1812
2023-07-13,,,,,85.0,,,71.0,95.1,1442
2023-07-14,,,,,83.8,,,80.0,95.9,4746
2023-07-15,,,,,84.6,,,83.0,91.0,14574
2023-07-16,,,,,84.8,,,74.0,96.1,5956
2023-07-17,,,,,85.5,,,64.0,94.7,1270
2023-07-18,,,,,86.1,,,63.0,94.6,2003
2023-07-19,,,,,85.5,,,63.0,93.9,4695
2023-07-20,,,,,85.5,,,59.0,95.3,3242
2023-07-21,,,,,83.2,,,82.0,95.5,21301
2023-07-22,,,,,84.5,,,71.0,95.0,6791
2023-07-23,,,,,85.3,,,63.0,93.0,5705
2023-07-24,,,,,84.5,,,63.0,92.8,2929
2023-07-25,,,,,85.7,,,58.0,93.2,972
2023-07-26,,,,,85.0,,,82.0,95.1,7741
2023-07-27,,,,,85.3,,,73.0,95.8,1518
2023-07-28,,,,,85.4,,,63.0,94.4,3227
2023-07-29,,,,,85.2,,,63.0,95.2,4578
2023-07-30,,,,,84.6,,,58.0,95.0,8695
2023-07-31,,,,,83.5,,,69.0,95.2,7536
2023-08-01,,,,,84.7,,,59.0,94.5,1419
2023-08-02,,,,,84.5,,,63.0,95.8,7066
2023-08-03,,,,,84.4,,,66.0,91.7,893
2023-08-04,,,,,84.1,,,69.0,94.4,3972
2023-08-05,,,,,84.9,,,69.0,93.6,18105
2023-08-06,,,,,85.0,,,63.0,97.8,5890
2023-08-07,,,,,85.4,,,60.0,92.8,2719
2023-08-08,,,,,84.7,,,83.0,95.7,2852
2023-08-09,,,,,84.6,,,69.0,93.7,1150
2023-08-10,,,,,84.3,,,63.0,94.7,5124
2023-08-11,,,,,85.4,,,60.0,90.5,2243
2023-08-12,,,,,84.6,,,73.0,95.3,8058
2023-08-13,,,,,85.0,,,83.0,95.2,17158
2023-08-14,,,,,84.4,,,73.0,94.8,13241
2023-08-15,,,,,84.7,,,77.0,94.8,3102
2023-08-16,,,,,,,,67.0,93.4,5358
2023-08-17,,,,,,,,54.0,93.7,633
2023-08-18,,,,,,,,57.0,94.9,678
2023-08-19,,,,,,,,54.0,94.7,1170
2023-08-20,,,,,81.0,,,60.0,96.0,1259
2023-08-21,,,,,,,,59.0,96.4,984
2023-08-22,,,,,,,,63.0,96.3,739
2023-08-23,,,,,,,,63.0,95.9,787
2023-08-24,,,,,80.1,,,59.0,96.1,532
2023-08-25,,,,,,,,73.0,97.0,175
2023-08-26,,,,,,,,67.0,97.5,48
2023-08-27,,,,,,,,59.0,96.9,136
2023-08-28,,,,,,,,59.0,94.9,761
2023-08-29,,,,,79.9,,,63.0,96.5,802
2023-08-30,,,,,,,,59.0,96.6,555
2023-08-31,,,,,,,,70.0,95.6,911
2023-09-01,,,,,78.5,,,64.0,94.3,234
2023-09-02,,,,,,,,63.0,96.8,273
2023-09-03,,,,,80.2,,,67.0,95.7,814
2023-09-04,,,,,,,,59.0,94.5,702
2023-09-05,,,,,,,,64.0,97.0,945
2023-09-06,,,,,,,,64.0,96.4,781
2023-09-07,,,,,,,,59.0,96.7,386
2023-09-08,,,,,,,,61.0,94.2,700
2023-09-09,,,,,,,,66.0,96.5,452
2023-09-10,,,,,,,,63.0,97.2,707
2023-09-11,,,,,,,,67.0,95.9,1496
2023-09-12,,,,,,,,66.0,94.6,1103
2023-09-13,,,,,,,,70.0,97.4,1421
2023-09-14,,,,,,,,67.0,96.5,516
2023-09-15,,,,,,,,64.0,97.5,685
2023-09-16,,,,,,,,63.0,97.7,133
2023-09-17,,,,,,,,62.0,96.4,655
2023-09-18,,,,,,,,66.0,95.5,590
2023-09-19,,,,,,,,67.0,96.0,744
2023-09-20,,,,,,,,69.0,94.3,696
2023-09-21,,,,,80.0,,,63.0,95.4,522
2023-09-22,,,,,,,,67.0,96.2,1558
2023-09-23,,,,,,,,66.0,96.0,869
2023-09-24,,,,,80.4,,,84.0,95.7,3049
2023-09-25,,,,,81.0,,,73.0,95.7,5741
2023-09-26,,,,,81.3,,,67.0,91.8,2452
2023-09-27,,,,,80.7,,,67.0,96.0,941
2023-09-28,,,,,80.3,,,80.0,93.8,1060
2023-09-29,,,,,80.3,,,74.0,95.4,8571
2023-09-30,,,,,79.9,,,63.0,93.1,8877
2023-10-01,,,,,81.4,,,72.0,93.1,13585
2023-10-02,,,,,81.2,,,61.0,93.5,1997
2023-10-03,,,,,80.2,,,58.0,94.6,652
2023-10-04,,,,,79.9,,,63.0,92.8,1447
2023-10-05,,,,,80.6,,,84.0,89.0,938
2023-10-06,,,,,80.9,,,60.0,96.0,9516
2023-10-07,,,,,82.0,,,74.0,,9159
2023-10-08,,,,,82.1,,,72.0,94.5,8806
2023-10-09,,,,,81.3,,,63.0,92.5,1243
2023-10-10,,,,,82.3,,,73.0,97.0,938
2023-10-11,,,,,81.3,,,72.0,94.1,7407
2023-10-12,,,,,81.9,,,76.0,95.5,1425
2023-10-13,,,,,81.1,,,70.0,93.6,7371
2023-10-14,,,,,81.9,,,65.0,95.0,5675
2023-10-15,,,,,82.7,,,69.0,97.0,7129
2023-10-16,,,,,81.8,,,64.0,89.3,1185
2023-10-17,,,,,82.7,,,63.0,94.8,1681
2023-10-18,,,,,83.0,,,64.0,96.6,5366
2023-10-19,,,,,82.7,,,,,1395
2023-10-20,,,,,82.1,,,63.0,94.2,4630
2023-10-21,,,,,82.7,,,68.0,93.2,3508
2023-10-22,,,,,83.0,,,64.0,95.5,4369
2023-10-23,,,,,83.2,,,64.0,96.0,1094
2023-10-24,,,,,84.0,,,73.0,94.0,1600
2023-10-25,,,,,83.1,,,59.0,93.2,566
2023-10-26,,,,,83.8,,,72.0,96.0,947
2023-10-27,,,,,82.1,,,73.0,95.8,5544
2023-10-28,,,,,82.5,,,75.0,95.8,8100
2023-10-29,,,,,82.9,,,67.0,86.0,6015
2023-10-30,,,,,83.8,,,80.0,95.7,1743
2023-10-31,,,,,85.2,,,72.0,96.0,1572
2023-11-01,,,,,84.4,,,63.0,94.2,1352
2023-11-02,,,,,84.7,,,72.0,96.0,738
2023-11-03,,,,,83.5,,,75.0,96.3,6612
2023-11-04,,,,,83.8,,,79.0,92.5,5577
2023-11-05,,,,,85.3,,,79.0,93.2,14050
2023-11-06,,,,,85.0,,,,,434
2023-11-07,,,,,85.2,,,64.0,95.7,1077
2023-11-08,,,,,85.1,,,63.0,95.8,1829
2023-11-09,,,,,85.5,,,79.0,96.8,3137
2023-11-10,,,,,84.3,,,71.0,94.8,6104
2023-11-11,,,,,85.0,,,,92.0,6107
2023-11-12,,,,,85.3,,,67.0,93.8,7807
2023-11-13,,,,,83.8,,,59.0,97.2,10161
2023-11-14,,,,,85.9,,,70.0,97.5,1650
2023-11-15,,,,,86.7,,,72.0,98.8,638
2023-11-16,,,,,86.0,,,67.0,92.5,939
2023-11-17,,,,,85.1,,,87.0,96.1,7152
2023-11-18,,,,,85.6,,,,96.8,3036
2023-11-19,,,,,86.8,,,68.0,95.7,17295
2023-11-20,,,,,87.1,,,63.0,97.6,1482
2023-11-21,,,,,87.0,,,67.0,97.4,1407
2023-11-22,,,,,87.1,,,76.0,98.0,6474
2023-11-23,,,,,87.0,,,64.0,99.5,1323
2023-11-24,,,,,86.9,,,72.0,96.3,6497
2023-11-25,,,,,87.2,,,69.0,97.0,9305
2023-11-26,,,,,87.9,,,63.0,94.3,10149
2023-11-27,,,,,88.0,,,63.0,96.6,1650
2023-11-28,,,,,88.1,,,63.0,97.8,2685
2023-11-29,,,,,86.9,,,67.0,95.3,2495
2023-11-30,,,,,88.4,,,63.0,97.5,1799
2023-12-01,,,,,87.6,,,81.0,95.2,13211
2023-12-02,,,,,87.7,,,61.0,92.5,10603
2023-12-03,,,,,88.9,,,72.0,99.0,14540
2023-12-04,,,,,88.1,,,,,566
2023-12-05,,,,,89.1,,,67.0,98.7,1142
2023-12-06,,,,,87.7,,,65.0,97.7,6318
2023-12-07,,,,,88.4,,,67.0,98.6,2031
2023-12-08,,,,,88.2,,,80.0,96.9,9890
2023-12-09,,,,,90.1,,,80.0,97.5,8931
2023-12-10,,,,,90.0,,,,98.0,4495
2023-12-11,,,,,89.4,,,64.0,97.3,2272
2023-12-12,,,,,89.5,,,63.0,95.3,1518
2023-12-13,,,,,89.5,,,79.0,95.2,1969
2023-12-14,,,,,89.3,,,79.0,95.7,2386
2023-12-15,,,,,89.0,,,80.0,97.9,19142
2023-12-16,,,,,90.0,,,74.0,96.5,11194
2023-12-17,,,,,90.0,,,84.0,97.9,17575
2023-12-18,,,,,89.0,,,70.0,97.1,2526
2023-12-19,,,,,89.8,,,73.0,98.5,1842
2023-12-20,,,,,89.3,,,67.0,93.4,11136
2023-12-21,,,,,89.9,,,76.0,97.0,2893
2023-12-22,,,,,89.3,,,84.0,98.1,10583
2023-12-23,,,,,90.8,,,85.5,97.3,14978
2023-12-24,,,,,91.6,,,72.0,97.3,25118
2023-12-25,,,,,90.0,,,74.0,96.9,4076
2023-12-26,,,,,90.7,,,75.0,94.7,5480
2023-12-27,,,,,90.3,,,80.0,98.3,2014
2023-12-28,,,,,91.2,,,79.0,98.5,1700
2023-12-29,,,,,91.0,,,79.0,93.0,14444
2023-12-30,,,,,90.8,,,80.0,94.6,11197
2023-12-31,,,,,90.6,,,72.0,94.1,11904
2024-01-01,,,,,91.4,,,69.0,94.5,24858
2024-01-02,,,,,91.2,,,67.0,93.7,16606
2024-01-03,,,,,91.8,,,60.0,98.2,10174
2024-01-04,,,,,92.9,,,73.0,96.5,10655
2024-01-05,,,,,91.0,,,72.0,97.5,16002
2024-01-06,,,,,92.2,,,69.0,96.9,31415
2024-01-07,,,,,92.6,,,70.0,97.9,19530
2024-01-08,,,,,92.4,,,,97.6,2656
2024-01-09,,,,,93.2,,,70.0,98.0,2487
2024-01-10,,,,,93.7,,,64.0,96.2,2370
2024-01-11,,,,,92.9,,,84.0,95.4,3278
2024-01-12,,,,,93.2,,,84.0,97.7,11535
2024-01-13,,,,,92.1,,,85.0,95.8,13381
2024-01-14,,,,,93.5,,,75.0,98.6,24190
2024-01-15,,,,,93.1,,,69.0,97.1,1838
2024-01-16,,,,,93.2,,,84.0,96.5,2512
2024-01-17,,,,,94.0,,,74.0,98.1,2651
2024-01-18,,,,,93.4,,,72.0,98.1,2373
2024-01-19,,,,,92.3,,,84.0,98.1,9873
2024-01-20,,,,,93.5,,,79.0,96.3,13258
2024-01-21,,,,,94.3,,,79.0,97.5,14336
2024-01-22,,,,,93.8,,,79.0,97.3,1780
2024-01-23,,,,,93.5,,,93.0,93.4,9132
2024-01-24,,,,,93.9,,,72.0,97.5,2403
2024-01-25,,,,,95.0,,,73.0,97.7,2310
2024-01-26,,,,,94.0,,,80.0,96.6,12525
2024-01-27,,,,,95.3,,,79.0,97.4,17932
2024-01-28,,,,,95.1,,,79.0,97.2,23280
2024-01-29,,,,,95.7,,,72.0,93.9,1719
2024-01-30,,,,,96.3,,,80.0,98.5,1892
2024-01-31,,,,,96.1,,,79.0,98.3,1924
2024-02-01,,,,,96.2,,,72.0,93.8,1958
2024-02-02,,,,,95.3,,,84.0,98.4,9999
2024-02-03,,,,,96.1,,,84.0,94.2,9079
2024-02-04,,,,,96.3,,,73.0,95.9,11564
2024-02-05,,,,,96.8,,,70.0,96.2,1486
2024-02-06,,,,,96.8,,,79.0,95.0,1709
2024-02-07,,,,,96.2,,,79.0,97.7,1345
2024-02-08,,,,,96.7,,,68.0,96.5,1423
2024-02-09,,,,,95.0,,,80.0,96.1,9692
2024-02-10,,,,,95.6,,,73.0,94.5,5296
2024-02-11,,,,,96.5,,,68.0,96.4,1447
2024-02-12,,,,,95.7,,,67.0,95.3,1497
2024-02-13,,,,,95.8,,,83.0,96.6,1629
2024-02-14,,,,,95.8,,,84.0,96.2,1683
2024-02-15,,,,,95.8,,,77.0,,197
2024-02-16,,,,,95.1,,,79.0,95.5,7513
2024-02-17,,,,,95.3,,,67.0,94.1,12549
2024-02-18,,,,,96.8,,,80.0,95.5,6451
2024-02-19,,,,,95.6,,,85.0,,560
2024-02-20,,,,,95.6,,,79.0,96.2,1064
2024-02-21,,,,,96.3,,,80.0,94.6,1044
2024-02-22,,,,,96.5,,,74.0,96.2,1755
2024-02-23,,,,,95.8,,,84.0,97.6,6054
2024-02-24,,,,,96.0,,,83.0,93.0,15862
2024-02-25,,,,,96.9,,,63.0,96.3,7253
2024-02-26,,,,,95.8,,,71.0,96.7,1514
2024-02-27,,,,,96.2,,,80.0,96.3,1690
2024-02-28,,,,,97.1,,,79.0,97.4,1512
2024-02-29,,,,,96.7,,,72.0,96.3,1456
2024-03-01,,,,,95.8,,,80.0,94.2,6465
2024-03-02,,,,,96.9,,,71.0,95.9,4981
2024-03-03,,,,,98.4,,,79.0,96.1,12259
2024-03-04,,,,,97.8,,,79.0,95.1,1716
2024-03-05,,,,,97.6,,,80.0,94.5,1808
2024-03-06,,,,,98.1,,,78.0,98.6,1307
2024-03-07,,,,,97.1,,,80.0,93.2,1134
2024-03-08,,,,,97.0,,,79.0,95.4,6322
2024-03-09,,,,,97.7,,,80.0,97.0,17638
2024-03-10,,,,,98.1,,,68.0,95.2,9995
2024-03-11,,,,,97.1,,,79.0,96.8,1236
2024-03-12,,,,,97.3,,,84.0,95.1,1130
2024-03-13,,,,,97.5,,,80.0,98.2,986
2024-03-14,,,,,97.8,,,69.0,97.1,1565
2024-03-15,,,,,97.1,,,86.0,97.5,6908
2024-03-16,,,,,98.4,,,72.0,95.1,10016
2024-03-17,,,,,99.3,,,68.0,92.8,12726
2024-03-18,,,,,96.5,,,73.0,97.0,1635
2024-03-19,,,,,97.0,,,78.0,96.7,1804
2024-03-20,,,,,97.3,,,72.0,95.9,1487
2024-03-21,,,,,97.6,,,84.0,97.2,680
2024-03-22,,,,,97.5,,,90.0,97.4,6296
2024-03-23,,,,,98.5,,,70.0,94.5,4121
2024-03-24,,,,,99.1,,,63.0,95.8,4928
2024-03-25,,,,,98.6,,,79.0,96.5,1584
2024-03-26,,,,,98.6,,,72.0,96.6,882
2024-03-27,,,,,98.7,,,80.0,97.5,1705
2024-03-28,,,,,,,,79.0,96.4,1332
2024-03-29,,,,,98.3,,,93.0,96.5,1527
2024-03-30,,,,,98.7,,,84.0,95.3,7379
2024-03-31,,,,,98.9,,,79.0,93.4,11768
2024-04-01,,,,,98.5,,,,,2562
2024-04-02,,,,,,,,79.0,96.4,4212
2024-04-03,,,,,,,,66.0,94.1,1633
2024-04-04,,,,,,,,75.0,93.3,44
2024-04-05,,,,,,,,80.0,94.8,83
2024-04-06,,,,,,,,85.0,96.2,534
2024-04-07,,,,,,,,74.0,94.1,277
2024-04-08,,,,,,,,59.0,95.4,587
2024-04-09,,,,,,,,63.0,95.1,586
2024-04-10,,,,,93.1,,,60.0,93.3,583
2024-04-11,,,,,,,,63.0,95.0,210
2024-04-12,,,,,,,,66.0,95.9,171
2024-04-13,,,,,,,,67.0,95.4,208
2024-04-14,,,,,,,,64.0,95.3,246
2024-04-15,,,,,92.6,,,66.0,96.1,291
2024-04-16,,,,,,,,65.0,96.7,111
2024-04-17,,,,,,,,67.0,97.0,104
2024-04-18,,,,,,,,69.0,96.2,198
2024-04-19,,,,,,,,64.0,95.9,391
2024-04-20,,,,,,,,68.0,96.3,608
2024-04-21,,,,,,,,74.0,95.4,379
2024-04-22,,,,,,,,61.0,94.4,134
2024-04-23,,,,,,,,64.0,94.8,271
2024-04-24,,,,,,,,66.0,96.9,365
2024-04-25,,,,,,,,73.0,94.3,1055
2024-04-26,,,,,92.2,144.0,169.0,72.0,95.0,324
2024-04-27,,,,,,155.0,189.0,69.0,94.8,469
2024-04-28,,,,,,130.0,140.0,70.0,96.4,635
2024-04-29,,,,,91.7,160.7,175.0,63.0,95.5,589
2024-04-30,,,,,,158.0,187.0,69.0,95.4,743
2024-05-01,,,,,,149.0,149.0,67.0,95.0,426
2024-05-02,,,,,,149.0,176.0,72.0,94.7,486
2024-05-03,,,,,,,,100.0,96.4,86
2024-05-04,,,,,,189.0,189.0,104.0,99.2,121
2024-05-05,,,,,91.0,180.0,180.0,70.0,97.2,1602
2024-05-06,,,,,,144.0,168.0,80.0,95.9,1066
2024-05-07,,,,,,162.0,162.0,72.0,96.1,1164
2024-05-08,,,,,89.0,158.0,158.0,88.0,95.7,1034
2024-05-09,,,,,,,,84.0,95.4,875
2024-05-10,,,,,,241.0,241.0,84.0,94.9,732
2024-05-11,,,,,,,,80.0,95.0,757
2024-05-12,,,,,,189.8,249.0,84.0,95.5,900
2024-05-13,,,,,,,,69.0,95.1,823
2024-05-14,,,,,92.7,235.0,235.0,84.0,93.9,1248
2024-05-15,,,,,,,,67.0,93.1,1158
2024-05-16,,,,,,238.0,238.0,67.0,93.2,552
2024-05-17,,,,,,213.0,213.0,79.0,93.5,862
2024-05-18,,,,,,209.0,231.0,90.0,91.1,388
2024-05-19,,,,,,225.0,225.0,84.0,91.8,301
2024-05-20,,,,,,251.5,281.0,84.0,91.8,876
2024-05-21,,,,,,,,80.0,92.9,181
2024-05-22,,,,,,,,75.0,92.2,479
2024-05-23,,,,,,,,79.0,92.5,629
2024-05-24,,,,,,,,80.0,94.1,400
2024-05-25,,,,,,101.0,101.0,80.0,94.5,703
2024-05-26,,,,,91.8,,,92.0,93.8,2411
2024-05-27,,,,,91.0,,,84.0,93.6,5599
2024-05-28,,,,,91.8,,,84.0,91.5,5731
2024-05-29,,,,,91.7,,,75.0,94.4,3752
2024-05-30,,,,,91.8,,,,,1991
2024-05-31,,,,,91.2,,,80.0,95.5,6425
2024-06-01,,,,,91.2,,,72.0,93.9,1440
2024-06-02,,,,,91.8,,,85.0,94.2,7431
2024-06-03,,,,,91.8,,,,,314
2024-06-04,,,,,92.3,,,72.0,95.7,7557
2024-06-05,,,,,91.9,,,76.0,93.3,11045
2024-06-06,,,,,92.1,,,72.0,94.4,1861
2024-06-07,,,,,93.3,,,74.0,94.2,9935
2024-06-08,,,,,92.0,,,,,7274
2024-06-09,,,,,92.3,,,68.0,95.1,5055
2024-06-10,,,,,92.9,,,65.0,92.5,2625
2024-06-11,,,,,92.3,,,73.0,92.6,1523
2024-06-12,,,,,92.6,,,,,987
2024-06-13,,,,,92.2,,,,,421
2024-06-14,,,,,93.2,,,79.0,94.8,5002
2024-06-15,,,,,92.8,,,80.0,92.5,14603
2024-06-16,,,,,91.8,,,79.0,93.0,4829
2024-06-17,,,,,91.2,,,66.0,93.8,2405
2024-06-18,,,,,91.9,,,67.0,96.1,5330
2024-06-19,,,,,92.3,,,67.0,93.1,4318
2024-06-20,,,,,92.4,,,73.0,93.2,1231
2024-06-21,,,,,92.1,,,66.0,92.3,7258
2024-06-22,,,,,92.3,,,80.0,90.9,16186
2024-06-23,,,,,92.5,,,72.0,91.8,14938
2024-06-24,,,,,93.1,,,66.0,95.3,1047
2024-06-25,,,,,92.7,,,80.0,93.4,3482
2024-06-26,,,,,93.2,,,,,684
2024-06-27,,,,,93.3,,,,,374
2024-06-28,,,,,94.6,,,69.0,95.2,6279
2024-06-29,,,,,93.3,,,67.0,93.2,6231
2024-06-30,,,,,93.4,,,80.0,93.8,14053
2024-07-01,,,,,93.4,,,79.0,92.6,962
2024-07-02,,,,,93.9,,,69.0,93.6,994
2024-07-03,,,,,94.7,,,70.0,93.7,5944
2024-07-04,,,,,93.8,,,73.0,93.7,1399
2024-07-05,,,,,94.1,,,78.0,94.2,7697
2024-07-06,,,,,92.9,,,79.0,90.7,17405
2024-07-07,,,,,91.7,,,80.0,94.0,9836
2024-07-08,,,,,93.0,,,80.0,94.8,827
2024-07-09,,,,,93.1,,,81.6,94.6,1646
2024-07-10,,,,,93.4,,,78.4,94.2,643
2024-07-11,,,,,93.0,,,81.1,94.4,1309
2024-07-12,,,,,93.2,,,83.5,95.5,7393
2024-07-13,,,,,92.3,,,81.6,93.8,12599
2024-07-14,,,,,92.9,,,122.3,94.8,19336
2024-07-15,,,,,93.3,,,75.0,,2743
2024-07-16,,,,,93.0,,,68.0,93.7,570
2024-07-17,,,,,93.7,,,71.0,94.3,729
2024-07-18,,,,,93.1,,,71.0,95.0,827
2024-07-19,,,,,91.8,,,,,4809
2024-07-20,,,,,91.6,,,70.0,93.5,8880
2024-07-21,,,,,92.6,,,79.0,95.1,9669
2024-07-22,,,,,93.0,,,63.0,94.4,741
2024-07-23,,,,,93.0,,,,,268
2024-07-24,,,,,93.0,,,,96.0,506
2024-07-25,,,,,93.4,,,148.0,94.8,2885
2024-07-26,,,,,93.0,,,71.0,93.6,7638
2024-07-27,,,,,93.2,,,72.0,93.5,11694
2024-07-28,,,,,91.8,,,79.0,94.2,8280
2024-07-29,,,,,92.7,,,63.0,94.5,1003
2024-07-30,,,,,92.8,,,67.0,94.6,960
2024-07-31,,,,,92.7,,,61.0,92.3,3324
2024-08-01,,,,,93.3,,,67.0,94.4,1312
2024-08-02,,,,,92.8,,,,,3650
2024-08-03,,,,,91.7,,,83.0,94.1,15750
2024-08-04,,,,,90.9,,,75.0,93.9,2974
2024-08-05,,,,,92.9,,,,93.9,2403
2024-08-06,,,,,93.0,,,84.0,95.5,3758
2024-08-07,,,,,93.0,,,63.5,94.9,900
2024-08-08,,,,,92.7,,,,,7225
2024-08-09,,,,,92.5,,,73.0,95.0,8554
2024-08-10,,,,,92.2,,,85.0,93.8,22931
2024-08-11,,,,,93.4,,,72.0,92.9,14076
2024-08-12,,,,,93.8,,,102.0,,3508
2024-08-13,,,,,93.8,,,71.0,94.8,6513
2024-08-14,,,,,93.8,,,104.5,94.0,7412
2024-08-15,,,,,93.0,,,69.0,93.8,12152
2024-08-16,,,,,92.0,,,70.0,93.7,8948
2024-08-17,,,,,92.3,,,99.5,94.2,9572
2024-08-18,,,,,92.8,,,73.0,92.9,9319
2024-08-19,,,,,93.5,,,59.0,95.6,1626
2024-08-20,,,,,93.5,,,60.0,93.9,3686
2024-08-21,,,,,93.8,,,,,475
2024-08-22,,,,,93.7,,,70.0,95.6,839
2024-08-23,,,,,92.8,,,60.0,95.7,6846
2024-08-24,,,,,92.8,,,64.0,92.9,13723
2024-08-25,,,,,93.3,,,118.8,93.5,9376
2024-08-26,,,,,93.8,,,59.0,94.3,854
2024-08-27,,,,,94.2,,,66.0,95.8,1656
2024-08-28,,,,,93.8,,,71.0,94.0,2566
2024-08-29,,,,,93.3,,,68.0,95.0,177
2024-08-30,,,,,92.9,,,66.0,94.4,3952
2024-08-31,,,,,92.6,,,67.0,94.1,3107
2024-09-01,,,,,93.2,,,107.2,94.8,14011
2024-09-02,,,,,93.9,,,125.0,94.7,4920
2024-09-03,,,,,94.5,,,,,252
2024-09-04,,,,,94.1,,,70.0,94.9,1210
2024-09-05,,,,,93.6,,,71.0,93.6,1961
2024-09-06,,,,,93.1,,,69.0,93.3,4214
2024-09-07,,,,,93.5,,,,92.0,7506
2024-09-08,,,,,93.6,,,63.0,93.3,6776
2024-09-09,,,,,,,,61.0,95.7,2822
2024-09-10,,,,,93.2,,,54.0,96.2,133
2024-09-11,,,,,92.3,,,62.0,95.9,331
2024-09-12,,,,,,,,59.0,94.2,760
2024-09-13,,,,,,,,60.0,95.1,866
2024-09-14,,,,,90.3,,,60.0,96.7,825
2024-09-15,,,,,,,,58.0,95.9,1352
2024-09-16,,,,,,,,60.0,97.2,630
2024-09-17,,,,,,,,60.0,97.2,414
2024-09-18,,,,,,,,58.0,97.7,739
2024-09-19,,,,,89.7,,,58.0,97.3,441
2024-09-20,,,,,,,,60.0,97.7,827
2024-09-21,,,,,,,,58.0,98.4,351
2024-09-22,,,,,88.7,,,60.0,98.1,635
2024-09-23,,,,,,,,58.0,98.3,489
2024-09-24,,,,,,,,59.0,98.0,1755
2024-09-25,,,,,,,,63.0,96.8,733
2024-09-26,,,,,,,,58.0,97.8,1275
2024-09-27,,,,,,,,60.0,97.5,996
2024-09-28,,,,,,,,58.0,96.8,250
2024-09-29,,,,,,,,61.0,97.9,1013
2024-09-30,,,,,88.4,,,54.0,97.8,274
2024-10-01,,,,,,,,62.0,97.1,1213
2024-10-02,,,,,,,,54.0,96.8,933
2024-10-03,,,,,,,,54.0,97.7,204
2024-10-04,,,,,,,,54.0,97.7,1425
2024-10-05,,,,,87.8,,,64.0,97.9,749
2024-10-06,,,,,,,,71.0,97.1,859
2024-10-07,,,,,,,,60.0,97.2,489
2024-10-08,,,,,87.5,,,58.0,96.4,1988
2024-10-09,,,,,,,,58.0,97.4,1239
2024-10-10,,,,,86.4,,,64.0,96.8,677
2024-10-11,,,,,,,,62.0,96.6,966
2024-10-12,,,,,,,,61.0,97.3,1317
2024-10-13,,,,,88.5,,,69.0,97.6,846
2024-10-14,,,,,,,,60.0,96.2,340
2024-10-15,,,,,87.4,,,63.0,96.4,877
2024-10-16,,,,,,,,67.0,95.1,1278
2024-10-17,,,,,,,,72.0,96.8,2242
2024-10-18,,,,,,,,69.0,95.4,536
2024-10-19,,,,,,,,62.0,96.1,602
2024-10-20,,,,,,,,67.0,95.4,3315
2024-10-21,,,,,,,,60.0,96.3,652
2024-10-22,,,,,,,,64.0,96.9,1569
2024-10-23,,,,,,,,80.0,95.4,2261
2024-10-24,,,,,,,,59.0,97.4,865
2024-10-25,,,,,,,,60.0,97.6,1053
2024-10-26,,,,,,,,79.0,97.0,1587
2024-10-27,,,,,,,,85.0,96.9,1670
2024-10-28,,,,,,,,71.0,97.5,773
2024-10-29,,,,,86.6,,,71.0,95.5,2051
2024-10-30,,,,,87.2,,,71.0,96.3,720
2024-10-31,,,,,87.9,,,,,27
2024-11-01,,,,,88.3,,,72.0,94.3,2699
2024-11-02,,,,,89.0,,,80.0,96.7,3083
2024-11-03,,,,,88.6,,,71.0,94.8,1001
2024-11-04,,,,,88.3,,,60.0,96.2,845
2024-11-05,,,,,88.8,,,72.0,97.4,838
2024-11-06,,,,,88.8,,,72.0,95.6,898
2024-11-07,,,,,88.5,,,80.0,96.3,453
2024-11-08,,,,,88.8,,,83.0,96.0,8700
2024-11-09,,,,,88.8,,,83.0,95.0,10937
2024-11-10,,,,,89.9,,,79.0,96.2,3462
2024-11-11,,,,,89.3,,,69.0,94.0,915
2024-11-12,,,,,88.7,,,59.0,95.0,628
2024-11-13,,,,,87.7,,,,,262
2024-11-14,,,,,89.2,,,,,1144
2024-11-15,,,,,88.2,,,,,3842
2024-11-16,,,,,88.5,,,,,798
2024-11-17,,,,,88.1,,,,,450
2024-11-18,,,,,89.9,,,69.0,96.5,699
2024-11-19,,,,,88.5,,,67.0,,288
2024-11-20,,,,,90.6,,,79.0,94.6,582
2024-11-21,,,,,89.1,,,63.0,97.0,275
2024-11-22,,,,,88.9,,,85.0,97.2,7509
2024-11-23,,,,,89.0,,,84.0,96.0,3940
2024-11-24,,,,,89.8,,,72.0,96.0,6543
2024-11-25,,,,,90.1,,,,93.4,303
2024-11-26,,,,,90.6,,,,,243
2024-11-27,,,,,90.6,,,79.0,97.0,224
2024-11-28,,,,,,,,72.0,96.8,1022
2024-11-29,,,,,89.9,,,90.0,96.4,4263
2024-11-30,,,,,89.8,,,64.0,96.9,4053
2024-12-01,,,,,89.7,,,69.0,96.5,7421
2024-12-02,,,,,89.5,,,72.0,97.2,1024
2024-12-03,,,,,90.6,,,75.0,95.7,647
2024-12-04,,,,,90.1,,,69.0,97.3,1021
2024-12-05,,,,,90.1,,,72.0,96.4,722
2024-12-06,,,,,90.2,,,71.0,96.8,8217
2024-12-07,,,,,90.0,,,106.8,96.4,21430
2024-12-08,,,,,90.4,,,116.7,96.5,21455
2024-12-09,,,,,91.2,,,66.0,97.1,996
2024-12-10,,,,,90.3,,,71.0,96.6,1297
2024-12-11,,,,,90.4,,,64.0,96.8,871
2024-12-12,,,,,89.9,,,60.0,97.3,825
2024-12-13,,,,,89.5,,,84.0,95.9,9861
2024-12-14,,,,,90.0,,,84.0,96.0,7901
2024-12-15,,,,,89.3,,,74.0,95.9,2431
2024-12-16,,,,,90.7,,,,,503
2024-12-17,,,,,90.2,,,75.0,98.0,890
2024-12-18,,,,,90.2,,,67.0,97.1,926
2024-12-19,,,,,89.9,,,63.0,96.3,390
2024-12-20,,,,,89.3,,,68.0,97.2,8866
2024-12-21,,,,,89.6,,,,,1427
2024-12-22,,,,,90.4,,,72.0,98.1,6939
2024-12-23,,,,,89.3,,,66.0,96.1,848
2024-12-24,,,,,90.0,,,63.0,97.0,1229
2024-12-25,,,,,90.8,,,73.0,97.3,1335
2024-12-26,,,,,91.1,,,72.0,97.1,550
2024-12-27,,,,,90.8,,,84.0,96.4,10932
2024-12-28,,,,,90.8,,,84.0,98.1,6226
2024-12-29,,,,,91.3,,,70.0,96.0,14694
2024-12-30,,,,,92.2,,,72.0,95.9,10442
2024-12-31,,,,,91.1,,,73.0,95.1,6059
2025-01-01,,,,,90.6,,,73.0,96.9,15619
2025-01-02,,,,,91.9,,,68.0,95.8,6577
2025-01-03,,,,,91.7,,,74.0,95.6,10097
2025-01-04,,,,,91.3,,,67.0,94.8,8771
2025-01-05,,,,,92.0,,,67.0,96.0,2878
2025-01-06,,,,,92.3,,,66.0,96.1,1226
2025-01-07,,,,,92.0,,,69.0,96.0,7702
2025-01-08,,,,,91.3,,,,,179
2025-01-09,,,,,91.8,,,,,126
2025-01-10,,,,,91.3,,,68.0,96.4,2236
2025-01-11,,,,,90.8,,,72.0,97.1,6250
2025-01-12,,,,,90.4,,,77.0,95.5,18187
2025-01-13,,,,,91.6,,,64.0,95.9,725
2025-01-14,,,,,92.1,,,67.0,97.6,997
2025-01-15,,,,,92.2,,,67.0,97.4,1192
2025-01-16,,,,,91.2,,,67.0,97.9,497
2025-01-17,,,,,92.4,,,79.0,93.0,1717
2025-01-18,,,,,92.4,,,80.0,96.2,11150
2025-01-19,,,,,92.7,,,69.0,94.4,8474
2025-01-20,,,,,92.0,,,73.0,95.6,860
2025-01-21,,,,,92.5,,,69.0,97.0,1374
2025-01-22,,,,,92.7,,,63.0,97.3,619
2025-01-23,,,,,91.4,,,73.0,98.2,353
2025-01-24,,,,,92.2,,,67.0,97.3,3231
2025-01-25,,,,,91.9,,,74.0,96.8,13178
2025-01-26,,,,,92.0,,,71.0,96.0,17222
2025-01-27,,,,,91.9,,,56.0,97.1,736
2025-01-28,,,,,92.1,,,69.0,96.4,936
2025-01-29,,,,,92.0,,,70.0,96.8,693
2025-01-30,,,,,93.3,,,73.0,97.9,527
2025-01-31,,,,,93.1,,,80.0,96.1,2774
2025-02-01,,,,,92.8,,,74.0,95.5,9403
2025-02-02,,,,,93.0,,,84.0,96.1,8301
2025-02-03,,,,,93.2,,,69.0,96.2,761
2025-02-04,,,,,92.7,,,71.0,95.4,577
2025-02-05,,,,,92.2,,,64.0,97.4,707
2025-02-06,,,,,93.2,,,69.0,96.6,743
2025-02-07,,,,,91.7,,,71.0,95.8,2639
2025-02-08,,,,,92.9,,,72.0,97.3,2928
2025-02-09,,,,,92.2,,,77.0,96.1,5935
2025-02-10,,,,,91.5,,,70.0,96.5,2317
2025-02-11,,,,,92.4,,,79.0,97.4,1021
2025-02-12,,,,,92.2,,,72.0,97.6,1116
2025-02-13,,,,,92.2,,,72.0,96.7,1093
2025-02-14,,,,,92.5,,,73.0,96.2,3378
2025-02-15,,,,,92.5,,,73.0,96.0,9753
2025-02-16,,,,,92.7,,,84.0,96.2,10852
2025-02-17,,,,,92.7,,,72.0,96.8,558
2025-02-18,,,,,91.9,,,73.0,96.6,1252
2025-02-19,,,,,92.6,,,72.0,96.0,810
2025-02-20,,,,,92.6,,,66.0,97.4,959
2025-02-21,,,,,93.0,,,80.0,97.2,2972
2025-02-22,,,,,92.3,,,73.0,96.2,7578
2025-02-23,,,,,92.6,,,63.0,96.5,13619
2025-02-24,,,,,93.0,,,67.0,96.2,675
2025-02-25,,,,,92.7,,,68.0,97.0,347
2025-02-26,,,,,92.5,,,71.0,97.0,1256
2025-02-27,,,,,92.1,,,79.0,96.7,1009
2025-02-28,,,,,92.7,,,80.0,97.2,2802
2025-03-01,,,,,92.5,,,93.0,97.1,11680
2025-03-02,,,,,92.8,,,,,2751
2025-03-03,,,,,93.3,,,67.0,96.6,360
2025-03-04,,,,,92.8,,,68.0,96.4,1923
2025-03-05,,,,,92.7,,,68.0,97.2,727
2025-03-06,,,,,92.6,,,73.0,97.2,1849
2025-03-07,,,,,93.2,,,71.0,96.8,3534
2025-03-08,,,,,92.7,,,67.0,95.3,3909
2025-03-09,,,,,93.2,,,,96.3,9916
2025-03-10,,,,,93.0,,,66.0,96.4,1267
2025-03-11,,,,,92.4,,,72.0,96.9,1148
2025-03-12,,,,,92.8,,,73.0,96.8,1488
2025-03-13,,,,,91.6,,,84.0,96.5,6099
2025-03-14,,,,,92.0,,,84.0,95.0,7098
2025-03-15,,,,,91.9,,,68.0,95.9,5366
2025-03-16,,,,,92.3,,,63.0,97.6,3782
2025-03-17,,,,,92.3,,,,,299
2025-03-18,,,,,91.9,,,79.0,98.0,328
2025-03-19,,,,,91.9,,,80.0,96.2,7862
2025-03-20,,,,,92.7,,,68.0,97.2,989
2025-03-21,,,,,92.6,,,89.0,97.3,2864
2025-03-22,,,,,93.2,,,79.0,96.5,10249
2025-03-23,,,,,92.8,,,72.0,97.0,2513
2025-03-24,,,,,93.9,,,63.0,96.2,769
2025-03-25,,,,,93.3,,,79.0,96.0,956
2025-03-26,,,,,92.4,,,71.0,97.3,1255
2025-03-27,,,,,93.0,,,73.0,97.1,487
2025-03-28,,,,,92.9,,,73.0,95.1,2576
2025-03-29,,,,,93.1,,,72.0,96.2,15732
2025-03-30,,,,,93.4,,,63.0,95.3,8832
2025-03-31,,,,,93.2,,,72.0,96.7,696
2025-04-01,,,,,93.3,,,79.0,,305
2025-04-02,,,,,93.2,,,75.0,97.0,1081
2025-04-03,,,,,93.8,,,73.0,96.2,649
2025-04-04,,,,,94.3,,,69.0,97.4,2507
2025-04-05,,,,,93.8,,,71.0,95.9,3470
2025-04-06,,,,,93.8,,,72.0,94.5,4657
2025-04-07,,,,,92.8,,,72.0,95.9,811
2025-04-08,,,,,93.8,,,73.0,96.1,8301
2025-04-09,,,,,92.8,,,71.0,96.2,1164
2025-04-10,,,,,93.0,,,72.0,96.3,820
2025-04-11,,,,,93.8,,,78.0,96.2,2299
2025-04-12,,,,,93.6,,,78.0,95.4,1382
2025-04-13,,,,,93.3,,,,,1128
2025-04-14,,,,,92.7,,,72.0,97.0,1244
2025-04-15,,,,,93.7,,,63.0,96.4,668
2025-04-16,,,,,91.7,,,80.0,94.0,525
2025-04-17,,,,,92.2,,,77.0,95.9,1149
2025-04-18,,,,,92.0,,,79.0,94.3,3303
2025-04-19,,,,,92.6,,,84.0,92.7,1666
2025-04-20,,,,,93.8,,,67.0,93.8,5125
2025-04-21,,,,,94.0,,,73.0,93.5,156
2025-04-22,,,,,94.1,,,73.0,93.6,778
2025-04-23,,,,,92.6,,,,,350
2025-04-24,,,,,92.2,,,85.0,93.4,804
2025-04-25,,,,,92.6,,,72.0,96.6,3780
2025-04-26,,,,,93.0,,,74.0,95.3,6295
2025-04-27,,,,,93.6,,,78.0,96.3,6699
2025-04-28,,,,,93.0,,,66.0,95.0,617
2025-04-29,,,,,93.5,,,80.0,95.2,7221
2025-04-30,,,,,93.2,,,,97.0,669
2025-05-01,,,,,94.0,,,74.0,94.1,1960
2025-05-02,,,,,93.4,,,69.0,96.2,2998
2025-05-03,,,,,92.8,,,72.0,95.5,12039
2025-05-04,,,,,93.5,,,82.0,92.8,11330
2025-05-05,,,,,93.3,,,74.0,93.6,5041
2025-05-06,,,,,94.1,,,69.0,96.1,1535
2025-05-07,,,,,93.2,,,79.0,95.9,1442
2025-05-08,,,,,93.7,,,71.0,97.5,467
2025-05-09,,,,,93.6,,,71.0,94.7,2487
2025-05-10,,,,,93.9,,,75.0,93.5,4046
2025-05-11,,,,,93.2,,,69.0,92.5,1271
2025-05-12,,,,,,,,80.0,93.5,3899
2025-05-13,,,,,,,,63.0,94.8,3009
2025-05-14,,,,,,,,66.0,95.7,1202
2025-05-15,,,,,,,,67.0,96.1,758
2025-05-16,,,,,,,,66.0,97.3,2033
2025-05-17,,,,,,,,64.0,97.5,1527
2025-05-18,,,,,,,,67.0,96.4,955
2025-05-19,,,,,,,,72.0,96.5,589
2025-05-20,,,,,,,,67.0,97.4,539
2025-05-21,,,,,87.3,,,73.0,96.3,503
2025-05-22,,,,,,,,73.0,96.9,1675
2025-05-23,,,,,,,,72.0,96.7,746
2025-05-24,,,,,,,,73.0,97.1,1791
2025-05-25,,,,,,,,69.0,96.7,1054
2025-05-26,,,,,86.9,,,71.0,96.9,909
2025-05-27,,,,,,,,73.0,95.7,1069
2025-05-28,,,,,,,,71.0,96.5,516
2025-05-29,,,,,,,,73.0,95.9,5029
2025-05-30,,,,,,,,72.0,94.6,1712
2025-05-31,,,,,,,,63.0,94.8,786
2025-06-01,,,,,,,,71.0,94.7,353
2025-06-02,,,,,,,,72.0,94.8,720
2025-06-03,,,,,89.7,,,71.0,94.3,1539
2025-06-04,,,,,,,,68.0,94.4,540
2025-06-05,,,,,88.2,,,71.0,94.6,2424
2025-06-06,,,,,,,,64.0,95.1,590
2025-06-07,,,,,,,,72.0,93.6,877
2025-06-08,,,,,,,,71.0,95.3,2958
2025-06-09,,,,,,,,67.0,95.6,3565
2025-06-10,,,,,,,,71.0,96.2,832
2025-06-11,,,,,,,,70.0,96.2,3629
2025-06-12,,,,,87.2,,,73.0,95.9,2843
2025-06-13,,,,,,,,72.0,96.3,1300
2025-06-14,,,,,,,,79.0,96.3,1929
2025-06-15,,,,,,,,79.0,96.5,772
2025-06-16,,,,,,,,68.0,93.7,765
2025-06-17,,,,,,,,65.0,95.0,1652
2025-06-18,,,,,,,,69.0,94.2,1163
2025-06-19,,,,,,,,80.0,94.9,610
2025-06-20,,,,,,,,71.0,95.2,552
2025-06-21,,,,,,,,74.0,94.8,2363
2025-06-22,,,,,85.9,,,85.0,94.8,2479
2025-06-23,,,,,87.1,,,80.0,95.7,2742
2025-06-24,,,,,87.5,,,79.0,95.4,2431
2025-06-25,,,,,86.9,,,72.0,96.6,1541
2025-06-26,,,,,87.4,,,73.0,97.8,602
2025-06-27,,,,,86.7,,,76.0,95.2,3129
2025-06-28,,,,,87.5,,,85.0,96.2,1741
2025-06-29,,,,,87.8,,,84.0,95.2,3746
2025-06-30,,,,,88.7,,,79.0,94.6,864
2025-07-01,,,,,87.8,,,70.0,96.2,2575
2025-07-02,,,,,88.1,,,70.0,94.4,864
2025-07-03,,,,,88.2,,,66.0,96.5,717
2025-07-04,,,,,86.4,,,84.0,94.5,2397
2025-07-05,,,,,86.8,,,67.0,95.7,1309
2025-07-06,,,,,87.7,,,85.0,94.9,1176
2025-07-07,,,,,88.1,,,70.0,95.3,851
2025-07-08,,,,,88.5,,,80.0,96.6,2710
2025-07-09,,,,,88.1,,,73.0,96.7,1636
2025-07-10,,,,,87.5,,,83.0,93.7,893
2025-07-11,,,,,86.8,,,79.0,94.7,1889
2025-07-12,,,,,87.0,,,80.0,95.4,1097
2025-07-13,,,,,87.7,,,80.0,95.2,1096
2025-07-14,,,,,88.0,,,68.0,94.9,1172
2025-07-15,,,,,88.1,,,79.0,95.2,2277
2025-07-16,,,,,87.6,,,73.0,96.0,940
2025-07-17,,,,,87.6,,,64.0,94.9,844
2025-07-18,,,,,87.0,,,70.0,96.1,2511
2025-07-19,,,,,87.4,,,74.0,94.0,2017
2025-07-20,,,,,87.6,,,90.0,94.2,5560
2025-07-21,,,,,88.4,,,69.0,95.4,2842
2025-07-22,,,,,88.4,,,74.0,96.6,2798
2025-07-23,,,,,88.6,,,72.0,96.0,1135
2025-07-24,,,,,88.2,,,66.0,95.2,1020
2025-07-25,,,,,88.4,,,84.0,96.5,3164
2025-07-26,,,,,88.0,,,67.0,93.8,2238
2025-07-27,,,,,87.4,,,76.0,93.9,1392
2025-07-28,,,,,88.1,,,79.0,95.9,1269
2025-07-29,,,,,87.9,,,79.0,96.1,1911
2025-07-30,,,,,88.1,,,68.0,96.0,1102
2025-07-31,,,,,88.2,,,80.0,95.9,4920
2025-08-01,,,,,87.0,,,68.0,95.2,2275
2025-08-02,,,,,86.8,,,85.0,94.7,2914
2025-08-03,,,,,88.0,,,76.0,93.7,11603
2025-08-04,,,,,87.2,,,67.0,94.9,1023
2025-08-05,,,,,87.1,,,68.0,94.6,2227
2025-08-06,,,,,87.2,,,73.0,96.0,963
2025-08-07,,,,,87.2,,,72.0,96.8,728
2025-08-08,,,,,86.1,,,79.0,97.4,3387
2025-08-09,,,,,87.1,,,79.0,96.4,1979
2025-08-10,,,,,87.8,,,80.0,96.1,2390
2025-08-11,,,,,87.5,,,78.0,95.2,11760
2025-08-12,,,,,86.9,,,,93.9,877
2025-08-13,,,,,87.5,,,75.0,95.3,8057
2025-08-14,,,,,86.1,,,90.0,95.1,15895
2025-08-15,,,,,86.9,,,80.0,94.3,2009
2025-08-16,,,,,87.3,,,73.0,96.1,6363
2025-08-17,,,,,86.8,,,66.0,94.5,5874
2025-08-18,,,,,87.2,,,74.0,96.3,1076
2025-08-19,,,,,87.2,,,67.0,95.8,824
2025-08-20,,,,,87.1,,,73.0,97.5,950
2025-08-21,,,,,86.6,,,79.0,95.8,937
2025-08-22,,,,,86.6,,,75.0,95.1,3203
2025-08-23,,,,,86.3,,,78.0,94.8,5557
2025-08-24,,,,,86.8,,,94.0,95.1,9205
2025-08-25,,,,,86.6,,,72.0,96.2,1003
2025-08-26,,,,,86.8,,,71.0,96.6,856
2025-08-27,,,,,86.9,,,74.0,96.1,698
2025-08-28,,,,,86.6,,,79.0,96.6,1063
2025-08-29,,,,,85.6,,,64.0,95.6,2323
2025-08-30,,,,,86.3,,,84.0,94.4,1610
2025-08-31,,,,,86.1,,,84.0,94.3,1459
2025-09-01,,,,,87.0,,,73.0,96.9,1109
2025-09-02,,,,,86.4,,,75.0,93.8,967
2025-09-03,,,,,87.0,,,79.0,95.5,766
2025-09-04,,,,,85.8,,,73.0,95.4,717
2025-09-05,,,,,86.2,,,74.0,96.5,3734
2025-09-06,,,,,86.0,,,72.0,94.5,1321
2025-09-07,,,,,86.1,,,76.0,95.5,4808
2025-09-08,,,,,86.4,,,75.0,96.5,743
2025-09-09,,,,,85.9,,,73.0,95.4,946
2025-09-10,,,,,85.8,,,69.0,96.2,1185
2025-09-11,,,,,86.3,,,80.0,96.0,747
2025-09-12,,,,,85.7,,,72.0,96.0,2741
2025-09-13,,,,,84.7,,,67.0,95.4,1253
2025-09-14,,,,,84.8,,,72.0,95.5,1318
2025-09-15,,,,,86.2,,,72.0,96.0,873
2025-09-16,,,,,85.5,,,68.0,96.8,2774
2025-09-17,,,,,85.5,,,73.0,95.5,2193
2025-09-18,,,,,86.0,,,73.0,95.6,3192
2025-09-19,,,,,86.5,,,69.0,96.4,3747
2025-09-20,,,,,84.6,,,69.0,93.8,2369
2025-09-21,,,,,85.4,,,72.0,95.7,4815
2025-09-22,,,,,85.7,,,79.0,93.4,1309
2025-09-23,,,,,86.9,,,72.0,95.2,1075
2025-09-24,,,,,85.8,,,74.0,95.9,3990
2025-09-25,,,,,85.9,,,74.0,96.5,1133
2025-09-26,,,,,85.0,,,80.0,96.0,2567
2025-09-27,,,,,85.6,,,75.0,96.1,5059
2025-09-28,,,,,86.0,,,70.0,96.0,6793
2025-09-29,,,,,86.0,,,73.0,95.5,930
2025-09-30,,,,,85.3,,,79.0,96.7,4309
2025-10-01,,,,,85.6,,,73.0,93.8,1001
2025-10-02,,,,,85.8,,,73.0,97.0,829
2025-10-03,,,,,85.6,,,72.0,97.3,6335
2025-10-04,,,,,84.9,,,70.0,95.5,2294
2025-10-05,,,,,85.6,,,71.0,94.4,5572
2025-10-06,,,,,86.0,,,74.0,94.7,759
2025-10-07,,,,,87.4,,,,,1005
2025-10-08,,,,,85.5,,,73.0,94.3,943
2025-10-09,,,,,85.5,,,68.0,96.5,764
2025-10-10,,,,,85.7,,,72.0,94.8,3230
2025-10-11,,,,,85.4,,,71.0,96.5,5396
2025-10-12,,,,,85.8,,,73.0,95.0,901
2025-10-13,,,,,86.0,,,79.0,97.1,1241
2025-10-14,,,,,86.0,,,74.0,95.8,987
2025-10-15,,,,,85.4,,,78.0,96.1,1123
2025-10-16,,,,,85.1,,,74.0,96.5,647
2025-10-17,,,,,85.6,,,73.0,95.3,2808
2025-10-18,,,,,85.3,,,70.0,94.8,1219
2025-10-19,,,,,85.6,,,71.0,94.5,1184
2025-10-20,,,,,86.8,,,66.0,96.6,608
2025-10-21,,,,,86.0,,,72.0,95.5,1101
2025-10-22,,,,,86.1,,,68.0,96.3,1134
2025-10-23,,,,,85.6,,,84.0,97.8,438
2025-10-24,,,,,86.3,,,70.0,97.0,2630
2025-10-25,,,,,86.3,,,69.0,96.4,4740
2025-10-26,,,,,86.0,,,66.0,92.8,7231
2025-10-27,,,,,86.3,,,73.0,96.7,913
2025-10-28,,,,,87.0,,,75.0,97.0,961
2025-10-29,,,,,86.6,,,71.0,95.6,1307
2025-10-30,,,,,85.9,,,72.0,96.8,1150
2025-10-31,,,,,86.3,,,65.0,96.4,3610
2025-11-01,,,,,86.2,,,68.0,96.3,9131
2025-11-02,,,,,86.3,,,67.0,96.4,3630
2025-11-03,,,,,87.4,,,73.0,97.5,1435
2025-11-04,,,,,87.0,,,74.0,96.5,3009
2025-11-05,,,,,86.5,,,65.0,97.5,7305
2025-11-06,,,,,86.6,,,73.0,97.5,1166
2025-11-07,,,,,86.1,,,79.0,96.1,4374
2025-11-08,,,,,85.7,,,72.0,95.4,2349
2025-11-09,,,,,85.7,,,68.0,96.6,1338
2025-11-10,,,,,86.8,,,72.0,96.7,1065
2025-11-11,,,,,87.5,,,73.0,97.4,3064
2025-11-12,,,,,,,,70.0,97.4,5789
2025-11-13,,,,,85.7,,,71.0,96.6,8053
2025-11-14,,,,,86.0,,,75.0,96.8,8709
2025-11-15,,,,,86.4,,,71.0,95.3,1760
2025-11-16,,,,,86.6,,,71.0,94.5,9426
2025-11-17,,,,,86.1,,,72.0,97.7,1542
2025-11-18,,,,,87.5,,,72.0,96.0,8022
2025-11-19,,,,,87.1,,,78.0,97.1,1225
2025-11-20,,,,,87.4,,,79.0,96.9,1593
2025-11-21,,,,,87.8,,,71.0,97.7,2706
2025-11-22,,,,,86.2,,,73.0,97.2,4352
2025-11-23,,,,,86.5,,,75.0,95.8,2719
2025-11-24,,,,,86.6,,,74.0,97.7,1359
2025-11-25,,,,,86.4,,,91.0,97.3,8233
2025-11-26,,,,,85.9,,,83.0,97.2,887
2025-11-27,,,,,86.7,,,83.0,97.8,1629
2025-11-28,,,,,86.8,,,79.0,97.7,8168
2025-11-29,,,,,86.2,,,70.0,96.7,1897
2025-11-30,,,,,86.3,,,72.0,97.0,3504
2025-12-01,,,,,86.6,,,73.0,96.5,4355
2025-12-02,,,,,88.3,,,73.0,96.4,901
2025-12-03,,,,,86.9,,,72.0,96.4,662
2025-12-04,,,,,87.9,,,75.0,97.9,1202
2025-12-05,,,,,88.3,,,68.0,97.5,2862
2025-12-06,,,,,87.2,,,68.0,96.4,2396
2025-12-07,,,,,86.6,,,72.0,96.3,4397
2025-12-08,,,,,87.1,,,74.0,97.8,2522
2025-12-09,,,,,88.0,,,80.0,97.6,7859
2025-12-10,,,,,86.5,,,73.0,97.3,1042
2025-12-11,,,,,86.8,,,67.0,98.5,1467
2025-12-12,,,,,86.6,,,68.0,97.3,1076
2025-12-13,,,,,86.7,,,74.0,97.7,1691
2025-12-14,,,,,86.8,,,72.0,97.8,8037
2025-12-15,,,,,87.2,,,71.0,96.7,2052
2025-12-16,,,,,87.0,,,80.0,95.4,7960
2025-12-17,,,,,87.0,,,72.0,97.0,1881
2025-12-18,,,,,87.1,,,73.0,96.7,1372
2025-12-19,,,,,87.4,,,72.0,96.8,3840
2025-12-20,,,,,86.3,,,67.0,95.8,4800
2025-12-21,,,,,86.9,,,76.0,97.0,8469
2025-12-22,,,,,87.3,,,72.0,97.5,1484
2025-12-23,,,,,87.4,,,80.0,97.1,7157
2025-12-24,,,,,87.5,,,79.0,96.7,1142
2025-12-25,,,,,87.7,,,72.0,95.1,913
2025-12-26,,,,,87.9,,,72.0,96.0,5168
2025-12-27,,,,,87.3,,,70.0,95.7,5462
2025-12-28,,,,,87.5,,,68.0,97.0,1108
2025-12-29,,,,,88.3,,,73.0,96.7,2669
2025-12-30,,,,,89.2,,,72.0,96.0,8065
2025-12-31,,,,,88.1,,,71.0,94.5,3226
2026-01-01,,,,,87.1,,,63.0,97.0,7526
2026-01-02,,,,,88.1,,,74.0,94.2,15568
2026-01-03,,,,,88.2,,,64.0,96.0,16909
2026-01-04,,,,,87.2,,,67.0,97.0,4002
2026-01-05,,,,,87.8,,,78.0,96.8,5509
2026-01-06,,,,,89.9,,,70.0,97.8,1225
2026-01-07,,,,,88.2,,,73.0,96.7,1475
2026-01-08,,,,,88.4,,,71.0,97.6,949
2026-01-09,,,,,88.4,,,68.0,97.1,5237
2026-01-10,,,,,88.6,,,68.0,95.8,6489
2026-01-11,,,,,89.2,,,78.0,95.8,10538
2026-01-12,,,,,89.2,,,70.0,95.5,2303
2026-01-13,,,,,90.0,,,71.0,97.3,1621
2026-01-14,,,,,88.4,,,74.0,94.5,1198
2026-01-15,,,,,89.2,,,79.0,97.3,2176
2026-01-16,,,,,89.1,,,72.0,97.6,3042
2026-01-17,,,,,88.6,,,64.0,96.9,6382
2026-01-18,,,,,89.9,,,65.0,95.8,10096
2026-01-19,,,,,89.5,,,72.0,97.0,1800
2026-01-20,,,,,89.9,,,73.0,96.4,4747
2026-01-21,,,,,89.5,,,69.0,96.5,941
2026-01-22,,,,,89.4,,,75.0,96.7,1158
2026-01-23,,,,,90.0,,,69.0,97.5,4165
2026-01-24,,,,,89.6,,,72.0,97.0,6547
2026-01-25,,,,,89.6,,,72.0,96.2,6010
2026-01-26,,,,,89.1,,,67.0,97.6,2610
2026-01-27,,,,,90.0,,,73.0,96.9,1294
2026-01-28,,,,,89.6,,,73.0,97.7,2851
2026-01-29,,,,,90.8,,,70.0,97.8,2508
2026-01-30,,,,,90.8,,,67.0,97.7,7637
2026-01-31,,,,,91.0,,,80.0,96.7,8410
2026-02-01,,,,,90.6,,,67.0,95.6,7071
2026-02-02,,,,,91.3,,,72.0,96.0,2642
2026-02-03,,,,,,,,70.0,95.6,3643
2026-02-04,,,,,,,,61.0,95.9,825
2026-02-05,,,,,,,,63.0,93.4,806
2026-02-06,,,,,,,,66.0,95.4,539
2026-02-07,,,,,87.0,,,69.0,97.0,1033
2026-02-08,,,,,,,,71.0,97.0,1464
2026-02-09,,,,,,,,73.0,98.0,344
2026-02-10,,,,,,,,84.0,97.3,230
2026-02-11,,,,,,,,75.0,98.0,268
2026-02-12,,,,,,,,75.0,97.8,465
2026-02-13,,,,,,,,74.0,97.0,279
2026-02-14,,,,,,,,69.0,97.3,210
2026-02-15,,,,,,,,73.0,96.9,200
2026-02-16,,,,,,,,72.0,98.1,142
2026-02-17,,,,,83.1,,,72.0,98.0,1471
2026-02-18,,,,,81.9,,,69.0,98.0,503
2026-02-19,,,,,,,,69.0,97.1,956
2026-02-20,,,,,81.4,,,68.0,96.7,928
2026-02-21,,,,,81.4,,,68.0,96.7,1048
2026-02-22,,,,,,,,67.0,97.9,467
2026-02-23,,,,,,,,69.0,97.9,708
2026-02-24,,,,,80.9,,,66.0,97.9,1377
2026-02-25,,,,,81.0,,,68.0,96.5,550
2026-02-26,,,,,80.1,,,71.0,96.7,673
2026-02-27,,,,,80.0,,,71.0,98.1,720
2026-02-28,,,,,,,,66.0,97.7,891
2026-03-01,,,,,,,,67.0,98.9,809
2026-03-02,96.0,96.0,75.0,75.0,79.8,,,70.0,98.0,1094
2026-03-03,,,,,79.4,,,68.0,97.2,662
2026-03-04,,,,,,,,69.0,97.6,1300
2026-03-05,,,,,78.9,,,69.0,97.6,591
2026-03-06,,,,,,,,67.0,98.6,591
2026-03-07,,,,,78.4,,,71.0,98.4,541
2026-03-08,,,,,,,,72.0,98.4,576
2026-03-09,,,,,,,,69.0,99.0,569
2026-03-10,,,,,,,,67.0,97.4,606
2026-03-11,,,,,,,,72.0,97.6,837
2026-03-12,,,,,80.0,,,72.0,98.1,1327
2026-03-13,,,,,79.9,,,66.0,98.0,718
2026-03-14,,,,,,,,67.0,97.2,672
2026-03-15,,,,,,,,65.0,98.8,666
2026-03-16,,,,,,,,67.0,97.3,324
2026-03-17,,,,,,,,68.0,97.6,813
2026-03-18,,,,,80.1,,,72.0,97.5,1518
2026-03-19,,,,,,,,68.0,97.5,1372
2026-03-20,,,,,,,,64.0,97.5,969
2026-03-21,,,,,,,,67.0,98.7,397
2026-03-22,,,,,80.1,,,73.0,98.0,704
2026-03-23,,,,,79.8,,,75.0,97.3,2222
2026-03-24,,,,,80.2,,,67.0,97.2,3475
2026-03-25,,,,,80.1,,,64.0,98.7,2047
2026-03-26,,,,,79.3,,,64.0,98.4,3827
2026-03-27,,,,,79.8,,,71.0,97.8,4962
2026-03-28,,,,,79.2,,,71.0,97.8,1030
2026-03-29,,,,,79.9,,,70.0,97.2,7622
2026-03-30,,,,,80.2,,,74.0,96.5,1518
2026-03-31,,,,,80.6,,,73.0,96.8,1610
2026-04-01,,,,,81.0,,,72.0,97.3,1633
2026-04-02,,,,,80.8,,,78.0,97.4,1435
2026-04-03,,,,,81.0,,,79.0,96.4,1339
2026-04-04,,,,,80.2,,,72.0,97.4,1450
2026-04-05,,,,,80.4,,,72.0,95.8,895
2026-04-06,,,,,80.8,,,79.0,97.7,1480
2026-04-07,,,,,80.8,,,80.0,96.9,3218
2026-04-08,,,,,82.0,,,72.0,97.2,3103
2026-04-09,,,,,81.6,,,79.0,98.2,1049
2026-04-10,,,,,81.1,,,72.0,96.8,3349
2026-04-11,,,,,80.8,,,67.0,96.6,1522
2026-04-12,,,,,81.8,,,76.0,97.2,4057
2026-04-13,,,,,82.2,,,66.0,95.9,1031
2026-04-14,,,,,81.1,,,73.0,97.1,1607
2026-04-15,,,,,82.1,,,72.0,95.9,3604
2026-04-16,,,,,81.6,,,72.0,98.0,1279
2026-04-17,,,,,80.8,,,84.0,97.3,1540
2026-04-18,,,,,81.8,,,75.0,97.3,3048
2026-04-19,,,,,81.2,,,66.0,96.5,832
2026-04-20,,,,,81.1,,,80.0,96.0,2336
2026-04-21,,,,,81.4,,,80.0,95.7,852
2026-04-22,,,,,82.7,,,79.0,97.2,1100
2026-04-23,,,,,82.0,,,76.0,96.8,1785
2026-04-24,,,,,82.1,,,79.0,97.8,4639
2026-04-25,,,,,81.7,,,69.0,96.7,2572
2026-04-26,,,,,81.8,,,72.0,95.4,1164
2026-04-27,,,,,81.8,,,79.0,96.5,1241
2026-04-28,,,,,82.2,,,83.0,96.4,791
2026-04-29,,,,,83.1,,,80.0,96.7,9264
2026-04-30,,,,,81.5,,,72.0,96.3,1355
2026-05-01,,,,,81.8,,,67.0,95.6,985
2026-05-02,,,,,,,,73.0,96.1,806
2026-05-03,,,,,82.3,,,67.0,96.3,4178
2026-05-04,,,,,82.5,,,66.0,96.1,3402
2026-05-05,,,,,82.3,,,74.0,96.8,15691
2026-05-06,,,,,82.7,,,74.0,95.2,1038
2026-05-07,,,,,82.9,,,79.0,96.1,2502
2026-05-08,,,,,82.8,,,72.0,96.9,2700
2026-05-09,,,,,82.7,,,73.0,95.0,2329
2026-05-10,,,,,82.2,,,73.0,96.9,1324
2026-05-11,,,,,82.5,,,80.0,97.2,1211
2026-05-12,,,,,83.1,,,78.0,97.2,858
2026-05-13,,,,,84.1,,,75.0,98.5,1684
2026-05-14,,,,,83.3,,,77.0,98.2,1362
2026-05-15,,,,,82.8,,,74.0,97.3,697
2026-05-16,,,,,83.0,,,67.0,94.7,2085
2026-05-17,,,,,83.2,,,74.0,95.9,3118
2026-05-18,,,,,83.6,,,72.0,95.2,1459
2026-05-19,,,,,82.9,,,77.0,96.1,865
2026-05-20,,,,,83.7,,,73.0,95.9,504
2026-05-21,,,,,83.4,,,79.0,94.8,1215
2026-05-22,,,,,83.5,,,72.0,94.6,3660
2026-05-23,,,,,83.5,,,74.0,95.7,8044
2026-05-24,,,,,82.5,,,72.0,96.0,1120
2026-05-25,,,,,84.6,,,73.0,96.1,1497
2026-05-26,,,,,84.7,,,72.0,96.4,2017
2026-05-27,,,,,84.9,,,72.0,94.8,1416
2026-05-28,,,,,84.2,,,72.0,95.4,1405
2026-05-29,,,,,84.2,,,77.0,96.0,3441
2026-05-30,,,,,83.4,,,69.0,93.0,526
2026-05-31,,,,,83.4,,,79.0,94.0,865
2026-06-01,,,,,83.9,,,73.0,95.6,1256
2026-06-02,,,,,84.2,,,80.0,93.5,1041
2026-06-03,,,,,84.0,,,73.0,95.2,1414
2026-06-04,,,,,83.5,,,73.0,95.9,1018
2026-06-05,,,,,84.7,,,74.0,96.1,4009
2026-06-06,,,,,83.7,,,74.0,96.0,1606
2026-06-07,,,,,83.2,,,80.0,94.7,1088
2026-06-08,,,,,83.8,,,79.0,94.7,2273
2026-06-09,,,,,84.0,,,72.0,94.9,1818
2026-06-10,,,,,84.0,,,80.0,97.5,1031
2026-06-11,,,,,84.4,,,80.0,95.9,2233
2026-06-12,,,,,83.5,,,78.0,95.6,2001
2026-06-13,,,,,83.4,,,79.0,94.2,1544
2026-06-14,,,,,83.7,,,79.0,96.1,2444
2026-06-15,,,,,84.9,,,73.0,96.4,989
2026-06-16,,,,,85.0,,,78.0,97.8,352
2026-06-17,,,,,83.9,,,78.0,95.8,942
2026-06-18,,,,,84.5,,,80.0,95.4,1502
2026-06-19,,,,,83.9,,,67.0,95.5,6682
2026-06-20,,,,,83.0,,,66.0,95.8,1119
2026-06-21,,,,,83.2,,,67.0,95.5,997
2026-06-22,,,,,84.7,,,79.0,96.2,1351
2026-06-23,,,,,85.1,,,74.0,96.6,1346
2026-06-24,,,,,85.8,,,84.0,93.5,1739
2026-06-25,,,,,84.6,,,71.0,94.9,1424
2026-06-26,,,,,84.2,,,75.0,93.4,2756
2026-06-27,,,,,84.9,,,73.0,94.4,1688
2026-06-28,,,,,85.6,,,74.0,94.7,1558
2026-06-29,,,,,84.7,,,72.0,95.4,1416
2026-06-30,,,,,84.9,,,79.0,94.4,1571
2026-07-01,,,,,85.3,,,75.0,95.9,1065
2026-07-02,,,,,85.4,,,76.0,96.0,1241
2026-07-03,,,,,85.4,,,71.0,95.9,2620
2026-07-04,,,,,84.5,,,74.0,95.1,6305
2026-07-05,,,,,85.2,,,72.0,96.6,2595
2026-07-06,,,,,85.9,,,78.0,95.7,853
2026-07-07,,,,,85.8,,,77.0,95.0,3407
2026-07-08,,,,,85.8,,,76.0,95.3,961
2026-07-09,,,,,85.5,,,77.0,95.8,851
2026-07-10,,,,,84.8,,,75.0,95.2,1442
2026-07-11,,,,,85.1,,,84.0,95.1,2058
2026-07-12,,,,,85.6,,,69.0,95.0,1168
2026-07-13,,,,,86.1,,,69.0,96.1,1137
2026-07-14,,,,,86.2,,,73.0,94.5,1387
2026-07-15,,,,,85.5,,,79.0,95.6,958
2026-07-16,,,,,85.8,,,72.0,96.3,915
2026-07-17,,,,,86.0,,,69.0,95.3,3878
2026-07-18,,,,,86.1,,,74.0,94.8,3564
2026-07-19,,,,,86.2,,,72.0,95.5,2058
2026-07-20,,,,,86.5,,,74.0,95.3,1614
2026-07-21,,,,,85.9,,,76.0,95.0,2051
2026-07-22,,,,,86.3,,,72.0,95.7,739
2026-07-23,,,,,86.6,,,74.0,95.1,1841
2026-07-24,,,,,86.0,,,73.0,94.9,1032
2026-07-25,,,,,86.7,,,80.0,94.6,1240
2026-07-26,,,,,87.3,,,80.0,95.2,1616
2026-07-27,,,,,87.0,,,72.0,96.2,1066
2026-07-28,,,,,86.8,,,72.0,94.4,2386
2026-07-29,,,,,86.5,,,79.0,95.3,1098
2026-07-30,,,,,86.5,,,72.0,93.7,1903
2026-07-31,,,,,86.6,,,67.0,95.6,7671
2026-08-01,,,,,87.1,,,72.0,94.6,8869
2026-08-02,,,,,86.9,,,71.0,94.7,3524
2026-08-03,,,,,87.3,,,73.0,93.7,552
2026-08-04,,,,,87.6,,,74.0,94.4,690
2026-08-05,,,,,87.3,,,73.0,96.2,1197
2026-08-06,,,,,86.5,,,72.0,97.8,775
2026-08-07,,,,,86.6,,,72.0,95.9,1039
2026-08-08,,,,,86.1,,,72.0,95.2,4145
2026-08-09,,,,,86.4,,,72.0,94.2,1602
2026-08-10,,,,,86.2,,,67.0,95.6,708
2026-08-11,,,,,86.4,,,73.0,96.1,1049
2026-08-12,,,,,86.5,,,75.0,94.0,1761
2026-08-13,,,,,86.2,,,74.0,94.4,8125
2026-08-14,,,,,87.6,,,67.0,95.7,11099
2026-08-15,,,,,86.4,,,73.0,96.2,1768
2026-08-16,,,,,86.7,,,72.0,95.8,1107
2026-08-17,,,,,87.2,,,70.0,95.2,1143
2026-08-18,,,,,86.6,,,69.0,95.7,849
2026-08-19,,,,,86.3,,,72.0,95.5,866
2026-08-20,,,,,86.8,,,67.0,95.1,1083
2026-08-21,,,,,86.8,,,72.0,95.9,918
2026-08-22,,,,,85.2,,,79.0,93.9,7304
2026-08-23,,,,,86.7,,,71.0,95.3,1505
2026-08-24,,,,,86.5,,,64.0,95.2,2129
2026-08-25,,,,,86.4,,,72.0,96.1,1217
2026-08-26,,,,,85.7,,,74.0,96.2,877
2026-08-27,,,,,86.8,,,64.0,94.4,1095
2026-08-28,,,,,85.7,,,66.0,94.6,2580
2026-08-29,,,,,86.0,,,65.0,94.9,3102
2026-08-30,,,,,85.3,,,68.0,96.6,1011
2026-08-31,,,,,85.5,,,64.0,95.9,846
2026-09-01,,,,,86.1,,,72.0,94.7,1102
2026-09-02,,,,,86.0,,,70.0,94.5,1113
2026-09-03,,,,,85.7,,,67.0,94.7,1571
2026-09-04,,,,,86.3,,,71.0,96.3,1127
2026-09-05,,,,,86.6,,,94.0,95.3,1706
2026-09-06,,,,,85.8,,,64.0,96.1,1043
2026-09-07,,,,,86.5,,,68.0,96.3,1257
2026-09-08,,,,,86.3,,,68.0,96.7,1545
2026-09-09,,,,,85.4,,,73.0,96.1,1298
2026-09-10,,,,,85.8,,,71.0,96.2,893
2026-09-11,,,,,86.3,,,69.0,97.4,3068
2026-09-12,,,,,86.6,,,72.0,96.5,1246
2026-09-13,,,,,86.0,,,73.0,93.2,3391
2026-09-14,,,,,85.5,,,74.0,94.5,930
2026-09-15,,,,,86.5,,,73.0,94.5,224
2026-09-16,,,,,86.0,,,71.0,94.4,1210
2026-09-17,,,,,85.6,,,69.0,95.1,1232
2026-09-18,,,,,85.8,,,73.0,94.4,1003
2026-09-19,,,,,85.4,,,76.0,95.2,6695
2026-09-20,,,,,85.8,,,75.0,94.1,5999
2026-09-21,,,,,86.3,,,70.0,94.7,1421
2026-09-22,,,,,85.9,,,71.0,95.1,1339
2026-09-23,,,,,85.9,,,69.0,95.9,1167
2026-09-24,,,,,86.1,,,71.0,95.8,1219
2026-09-25,,,,,86.8,,,70.0,96.1,3961
2026-09-26,,,,,87.0,,,65.0,94.5,3092
2026-09-27,,,,,86.2,,,68.0,94.3,4084
2026-09-28,,,,,85.8,,,68.0,95.6,712
2026-09-29,169.0,169.0,138.0,138.0,85.8,,,70.0,96.3,1929
2026-09-30,164.0,164.0,108.0,108.0,85.8,,,73.0,95.8,2499
2026-10-01,148.0,148.0,93.0,93.0,85.9,,,67.0,95.1,4235
2026-10-02,150.0,160.0,113.5,139.0,84.9,,,70.0,95.8,1876
2026-10-03,161.5,183.0,105.0,116.0,86.5,,,73.0,94.5,3706
2026-10-04,170.5,186.0,118.0,130.0,86.0,,,68.0,95.9,2088
2026-10-05,156.0,175.0,111.5,132.0,86.2,,,72.0,95.9,1378
2026-10-06,152.0,165.0,110.3,146.0,86.0,,,80.0,96.1,2434
